organism	protein_idx	PC1	PC2
Bos taurus	0	0.8978	0.9187
Bos taurus	1	-2.4145	2.4894
Bos taurus	2	1.3683	0.0486
Bos taurus	3	1.366	0.5048
Bos taurus	4	-1.1455	-0.7934
Bos taurus	5	-3.8304	2.3304
Bos taurus	6	-1.2277	-0.3353
Bos taurus	7	4.2188	-0.0543
Bos taurus	8	-0.475	0.5091
Bos taurus	9	2.9013	0.5756
Bos taurus	10	1.0263	2.1411
Bos taurus	11	-0.7367	-1.1908
Bos taurus	12	-0.244	0.6298
Bos taurus	13	1.8084	0.9276
Bos taurus	14	1.0954	-0.2315
Bos taurus	15	1.5757	1.6756
Bos taurus	16	0.7539	0.8209
Bos taurus	17	-0.4517	1.7804
Bos taurus	18	-2.3582	0.6338
Bos taurus	19	-2.9411	-4.8367
Bos taurus	20	0.3849	0.7423
Bos taurus	21	1.787	-3.18
Bos taurus	22	-1.9911	-2.9885
Bos taurus	23	-0.6234	3.0905
Bos taurus	24	3.035	-1.5497
Bos taurus	25	0.2342	1.2072
Bos taurus	26	-0.3964	-0.0172
Bos taurus	27	-2.7023	-1.4771
Bos taurus	28	-0.5145	-0.3705
Bos taurus	29	-0.2655	1.5266
Bos taurus	30	-2.2231	-0.5391
Bos taurus	31	-1.0491	-0.6441
Bos taurus	32	-1.0985	-1.2657
Bos taurus	33	1.9768	0.3092
Bos taurus	34	-1.5672	1.768
Bos taurus	35	0.059	-3.8049
Bos taurus	36	-0.1635	0.1243
Bos taurus	37	0.9346	1.8179
Bos taurus	38	0.583	1.9287
Bos taurus	39	-1.0827	2.628
Bos taurus	40	-0.0717	1.8464
Bos taurus	41	-1.7949	-1.1006
Bos taurus	42	-1.4717	-1.3316
Bos taurus	43	1.3294	1.3422
Bos taurus	44	0.7583	-3.1649
Bos taurus	45	5.5935	-0.9541
Bos taurus	46	1.0582	2.0675
Bos taurus	47	0.588	-0.8906
Bos taurus	48	0.5033	-0.1888
Bos taurus	49	1.7011	-0.1399
Bos taurus	50	2.07	0.7767
Bos taurus	51	0.2961	0.3742
Bos taurus	52	0.6497	-1.383
Bos taurus	53	1.0013	-0.5831
Bos taurus	54	0.0566	0.8206
Bos taurus	55	0.6378	-0.5899
Bos taurus	56	0.4089	-2.5302
Bos taurus	57	-0.4239	0.2627
Bos taurus	58	-0.7421	-0.3284
Bos taurus	59	-3.2308	-2.3358
Bos taurus	60	0.4945	2.6227
Bos taurus	61	0.4496	0.3195
Bos taurus	62	2.1408	-1.0395
Bos taurus	63	-0.6082	0.9219
Bos taurus	64	-1.7578	-0.3479
Bos taurus	65	0.3008	1.2648
Bos taurus	66	-0.5418	2.7416
Bos taurus	67	1.5842	-0.3911
Bos taurus	68	-3.5828	0.431
Bos taurus	69	3.1095	-3.9016
Bos taurus	70	-1.6876	3.4044
Bos taurus	71	0.9074	-0.8456
Bos taurus	72	-6.3261	-0.3722
Bos taurus	73	0.4267	-0.0746
Bos taurus	74	1.4829	0.5215
Bos taurus	75	2.6087	1.6091
Bos taurus	76	0.5285	0.3991
Bos taurus	77	-1.1212	2.2807
Bos taurus	78	-0.2787	-2.4872
Bos taurus	79	2.0491	-1.1359
Bos taurus	80	1.1536	0.9535
Bos taurus	81	-7.2185	-5.3491
Bos taurus	82	0.9419	0.2949
Bos taurus	83	0.0686	-1.5515
Bos taurus	84	1.2838	1.3478
Bos taurus	85	-0.8722	1.3113
Bos taurus	86	0.9736	1.7068
Bos taurus	87	0.8363	0.9335
Bos taurus	88	0.8661	-0.4668
Bos taurus	89	2.9429	0.89
Bos taurus	90	1.218	-1.2189
Bos taurus	91	-0.1032	1.288
Bos taurus	92	1.3009	0.5644
Bos taurus	93	-0.3674	0.996
Bos taurus	94	0.5747	1.5761
Bos taurus	95	-1.5437	-0.8113
Bos taurus	96	0.6093	0.3607
Bos taurus	97	0.6774	1.187
Bos taurus	98	0.5955	-0.9426
Bos taurus	99	1.4973	0.032
Bos taurus	100	-3.5188	3.2074
Bos taurus	101	1.9379	-0.316
Bos taurus	102	1.9016	-3.6423
Bos taurus	103	-1.0534	-0.8536
Bos taurus	104	1.9478	0.6888
Bos taurus	105	1.6277	0.2583
Bos taurus	106	-1.2389	0.8446
Bos taurus	107	3.8937	1.1528
Bos taurus	108	-0.2474	1.7838
Bos taurus	109	-5.8938	3.0426
Bos taurus	110	2.3081	-0.7375
Bos taurus	111	-0.7755	1.555
Bos taurus	112	0.698	-2.3542
Bos taurus	113	3.9958	-2.4985
Bos taurus	114	0.8922	1.4039
Bos taurus	115	0.8875	-1.3988
Bos taurus	116	0.2717	-0.5168
Bos taurus	117	0.8929	1.4892
Bos taurus	118	1.2534	0.7634
Bos taurus	119	0.6748	-1.123
Bos taurus	120	1.1403	1.3151
Bos taurus	121	1.9018	1.6225
Bos taurus	122	0.3955	1.4935
Bos taurus	123	0.7895	0.569
Bos taurus	124	-0.1711	0.0412
Bos taurus	125	-0.1366	-0.9007
Bos taurus	126	1.1794	1.1092
Bos taurus	127	0.5452	2.7516
Bos taurus	128	-0.7536	0.3064
Bos taurus	129	1.0812	0.4589
Bos taurus	130	0.6827	0.6339
Bos taurus	131	-1.264	3.5852
Bos taurus	132	1.4313	1.3708
Bos taurus	133	1.2585	0.3709
Bos taurus	134	-1.3054	2.271
Bos taurus	135	-1.0649	0.491
Bos taurus	136	1.1388	1.0832
Bos taurus	137	0.7398	0.8292
Bos taurus	138	0.0966	0.6863
Bos taurus	139	1.2369	1.4478
Bos taurus	140	-0.278	2.1817
Bos taurus	141	2.3396	-3.5215
Bos taurus	142	1.8445	0.652
Bos taurus	143	0.1113	1.0674
Bos taurus	144	1.1783	0.8074
Bos taurus	145	-8.285	-1.3049
Bos taurus	146	0.2809	0.8675
Bos taurus	147	0.2279	-0.1166
Bos taurus	148	-0.3413	0.8735
Bos taurus	149	2.1373	2.1668
Bos taurus	150	2.1296	-0.0574
Bos taurus	151	1.0858	-0.0089
Bos taurus	152	0.9015	-1.0842
Bos taurus	153	-0.8408	2.706
Bos taurus	154	-0.5554	1.2927
Bos taurus	155	-1.1351	-0.8783
Bos taurus	156	-2.1236	-1.4011
Bos taurus	157	1.2209	3.1461
Bos taurus	158	0.4052	1.1884
Bos taurus	159	-1.9263	-1.31
Bos taurus	160	0.2041	-1.548
Bos taurus	161	-1.0223	-2.4724
Bos taurus	162	0.0935	-0.4225
Bos taurus	163	0.6428	-0.322
Bos taurus	164	-1.5102	-2.4945
Bos taurus	165	-1.2644	-0.968
Bos taurus	166	-2.8561	-2.3936
Bos taurus	167	-2.5454	0.4383
Bos taurus	168	-1.6154	0.4373
Bos taurus	169	-3.9638	-0.7375
Bos taurus	170	-0.4157	1.5344
Bos taurus	171	-0.0332	1.5721
Bos taurus	172	0.56	0.0867
Bos taurus	173	-0.6575	2.3697
Bos taurus	174	0.1202	0.5045
Bos taurus	175	1.4452	-3.1315
Bos taurus	176	0.1454	-0.0861
Bos taurus	177	-2.0467	2.922
Bos taurus	178	4.3632	-0.0443
Bos taurus	179	0.1073	1.522
Bos taurus	180	1.2655	0.8942
Bos taurus	181	0.0298	1.2524
Bos taurus	182	0.8014	0.8934
Bos taurus	183	2.2685	-0.8573
Bos taurus	184	-3.2718	-1.6935
Bos taurus	185	-0.9596	-2.403
Bos taurus	186	0.2819	-0.1247
Bos taurus	187	0.1708	-1.393
Bos taurus	188	0.9675	-1.0103
Bos taurus	189	0.494	1.588
Bos taurus	190	2.4916	1.3029
Bos taurus	191	0.7506	-0.3363
Bos taurus	192	1.4835	-0.7354
Bos taurus	193	1.5068	-0.1741
Bos taurus	194	-0.9521	-0.2107
Bos taurus	195	0.7735	1.7466
Bos taurus	196	0.8146	-0.5882
Bos taurus	197	-0.0655	-2.5217
Bos taurus	198	0.9467	1.1979
Bos taurus	199	1.2162	-0.1507
Bos taurus	200	0.7477	2.0561
Bos taurus	201	-2.549	4.0111
Bos taurus	202	-0.15	0.7366
Bos taurus	203	0.2356	1.1407
Bos taurus	204	-0.9335	1.3425
Bos taurus	205	0.643	-1.3714
Bos taurus	206	-2.1191	0.2436
Bos taurus	207	-0.2513	2.8038
Bos taurus	208	0.0624	-0.6879
Bos taurus	209	0.8843	1.1659
Bos taurus	210	0.2031	0.8186
Bos taurus	211	0.6826	0.9422
Bos taurus	212	-0.7071	-1.7426
Bos taurus	213	-0.4641	0.8975
Bos taurus	214	0.0376	-0.7214
Bos taurus	215	1.4552	1.0054
Bos taurus	216	-3.2897	-0.8489
Bos taurus	217	2.2111	-0.3031
Bos taurus	218	1.2716	1.2242
Bos taurus	219	0.6356	1.217
Bos taurus	220	0.7736	2.1079
Bos taurus	221	0.6271	0.264
Bos taurus	222	1.1742	1.2492
Bos taurus	223	0.1245	1.1186
Bos taurus	224	0.9683	-1.1832
Bos taurus	225	-0.0941	1.8386
Bos taurus	226	-1.5784	4.231
Bos taurus	227	0.1946	-0.0162
Bos taurus	228	0.4448	-1.3934
Bos taurus	229	1.195	1.3692
Bos taurus	230	0.5768	0.3529
Bos taurus	231	-0.2409	0.8783
Bos taurus	232	4.6454	0.0829
Bos taurus	233	2.6091	0.5609
Bos taurus	234	1.1766	0.177
Bos taurus	235	-0.4854	0.7744
Bos taurus	236	-2.3104	1.3755
Bos taurus	237	-2.616	1.2776
Bos taurus	238	-0.814	0.1559
Bos taurus	239	-1.5569	0.484
Bos taurus	240	-0.0634	2.0231
Bos taurus	241	-2.465	-1.298
Bos taurus	242	2.5024	0.0846
Bos taurus	243	-0.7697	2.3362
Bos taurus	244	1.1592	1.0242
Bos taurus	245	0.495	-0.4998
Bos taurus	246	0.1426	1.3333
Bos taurus	247	1.3395	1.5297
Bos taurus	248	0.0931	-1.3311
Bos taurus	249	-0.5354	0.4579
Bos taurus	250	2.8824	0.0212
Bos taurus	251	0.8299	1.5287
Bos taurus	252	1.5687	2.8755
Bos taurus	253	0.4973	1.06
Bos taurus	254	0.9271	0.3398
Bos taurus	255	0.6518	-0.9946
Bos taurus	256	3.0328	-2.6963
Bos taurus	257	3.0725	-2.3485
Bos taurus	258	-3.6728	-5.17
Bos taurus	259	1.1123	1.1954
Bos taurus	260	-0.4343	0.6407
Bos taurus	261	0.2632	-1.5821
Bos taurus	262	2.2705	0.0826
Bos taurus	263	1.8576	0.0444
Bos taurus	264	2.4356	-0.0176
Bos taurus	265	0.0646	-2.3698
Bos taurus	266	-0.898	-2.7396
Bos taurus	267	1.1253	1.9973
Bos taurus	268	1.1823	-0.3009
Bos taurus	269	3.4716	0.4287
Bos taurus	270	2.275	-2.1003
Bos taurus	271	-1.0752	-1.97
Bos taurus	272	-1.2187	2.8415
Bos taurus	273	-0.9305	0.393
Bos taurus	274	2.0453	0.8759
Bos taurus	275	1.935	1.4268
Bos taurus	276	1.9004	0.9449
Bos taurus	277	1.5	0.7989
Bos taurus	278	0.5776	0.1582
Bos taurus	279	-0.4617	1.6168
Bos taurus	280	1.6122	-1.025
Bos taurus	281	0.4625	2.6142
Bos taurus	282	-0.1417	1.1112
Bos taurus	283	-1.0417	1.6956
Bos taurus	284	2.7628	-0.4178
Bos taurus	285	-0.6415	1.6516
Bos taurus	286	4.0587	0.7486
Bos taurus	287	5.0807	1.0519
Bos taurus	288	1.2627	0.0761
Bos taurus	289	-0.4011	1.648
Bos taurus	290	0.9129	1.4282
Bos taurus	291	-1.0739	-0.0485
Bos taurus	292	-2.8661	-0.7477
Bos taurus	293	0.4267	2.3921
Bos taurus	294	0.7654	0.0687
Bos taurus	295	-3.8965	-1.1691
Bos taurus	296	2.026	-0.4606
Bos taurus	297	-0.8084	0.5318
Bos taurus	298	0.5217	1.624
Bos taurus	299	1.1397	0.963
Bos taurus	300	-2.7353	1.8412
Bos taurus	301	-1.956	-1.9512
Bos taurus	302	1.4197	0.9751
Bos taurus	303	3.3284	-0.7703
Bos taurus	304	-1.8677	-1.5846
Bos taurus	305	0.9197	0.667
Bos taurus	306	-0.9731	0.1005
Bos taurus	307	-0.59	1.2312
Bos taurus	308	0.3826	-2.4186
Bos taurus	309	-0.5788	-1.7585
Bos taurus	310	-0.9852	-1.9956
Bos taurus	311	-0.8432	2.1308
Bos taurus	312	1.7317	-0.3753
Bos taurus	313	-1.6548	-0.803
Bos taurus	314	-1.8125	0.4351
Bos taurus	315	1.7674	-0.3864
Bos taurus	316	0.5723	-0.6209
Bos taurus	317	1.6145	0.1534
Bos taurus	318	1.3205	1.1719
Bos taurus	319	-1.241	0.1785
Bos taurus	320	-4.717	-2.7814
Bos taurus	321	-1.4622	-1.7189
Bos taurus	322	-0.0566	0.7136
Bos taurus	323	2.7048	0.7883
Bos taurus	324	-0.3174	-2.0011
Bos taurus	325	0.3741	2.1484
Bos taurus	326	0.5356	1.5535
Bos taurus	327	-1.7977	-0.0718
Bos taurus	328	1.9794	1.7424
Bos taurus	329	0.767	1.5778
Bos taurus	330	-0.0673	1.6574
Bos taurus	331	-0.5479	1.1464
Bos taurus	332	-2.9432	3.1848
Bos taurus	333	-2.1626	2.8554
Bos taurus	334	1.3258	-0.156
Bos taurus	335	1.2605	0.8193
Bos taurus	336	1.0481	-0.5068
Bos taurus	337	1.3965	-1.7754
Bos taurus	338	-0.2196	-2.482
Bos taurus	339	5.2373	-0.6451
Bos taurus	340	1.4022	1.1136
Bos taurus	341	-0.5018	1.5936
Bos taurus	342	0.7686	2.1025
Bos taurus	343	1.4865	0.6014
Bos taurus	344	-0.6276	-0.0628
Bos taurus	345	0.9067	1.6271
Bos taurus	346	-0.5704	-0.3089
Bos taurus	347	0.1421	-0.9393
Bos taurus	348	-1.3387	-4.332
Bos taurus	349	3.1559	1.4763
Bos taurus	350	-0.8688	1.0731
Bos taurus	351	-4.6441	-5.3279
Bos taurus	352	-0.3704	0.1792
Bos taurus	353	-0.5631	1.3776
Bos taurus	354	-0.4031	2.1987
Bos taurus	355	-0.025	0.5081
Bos taurus	356	-2.1047	-2.7543
Bos taurus	357	-0.3931	2.4664
Bos taurus	358	0.4822	1.7988
Bos taurus	359	1.9257	0.4447
Bos taurus	360	1.0205	2.664
Bos taurus	361	0.295	0.8444
Bos taurus	362	-1.0464	0.1851
Bos taurus	363	-2.3894	0.513
Bos taurus	364	0.7142	0.1012
Bos taurus	365	-0.4733	1.448
Bos taurus	366	-0.3217	-3.1524
Bos taurus	367	0.3254	1.5146
Bos taurus	368	-0.3355	0.6537
Bos taurus	369	-1.2463	0.5517
Bos taurus	370	-0.5589	-4.4084
Bos taurus	371	-0.5614	0.2832
Bos taurus	372	-1.1925	-0.1085
Bos taurus	373	-1.4336	-1.7892
Bos taurus	374	0.6462	0.1797
Bos taurus	375	1.9574	0.9766
Bos taurus	376	0.5655	1.7214
Bos taurus	377	3.2418	-3.1799
Bos taurus	378	0.6181	2.8604
Bos taurus	379	0.5824	2.3183
Bos taurus	380	0.9511	0.7883
Bos taurus	381	1.1047	2.4469
Bos taurus	382	1.528	-1.2552
Bos taurus	383	0.2752	-1.6676
Bos taurus	384	-1.3519	-2.2114
Bos taurus	385	-0.2602	-0.7741
Bos taurus	386	0.4383	1.3531
Bos taurus	387	-2.5861	-0.3932
Bos taurus	388	0.7471	0.5624
Bos taurus	389	-0.4651	2.1808
Bos taurus	390	2.0808	0.3529
Bos taurus	391	2.8713	-0.9776
Bos taurus	392	-1.9509	-1.6775
Bos taurus	393	0.1394	1.2427
Bos taurus	394	0.7591	0.6018
Bos taurus	395	4.0582	0.9194
Bos taurus	396	1.0764	2.2567
Bos taurus	397	2.0379	-1.333
Bos taurus	398	0.0893	-0.5615
Bos taurus	399	0.3603	-0.7474
Bos taurus	400	2.7839	1.6261
Bos taurus	401	-0.4772	1.4521
Bos taurus	402	-0.5743	-0.5609
Bos taurus	403	3.2354	-2.4779
Bos taurus	404	-0.1379	-0.3056
Bos taurus	405	0.3126	0.0403
Bos taurus	406	1.152	0.2561
Bos taurus	407	1.4265	0.9796
Bos taurus	408	1.1236	-0.7764
Bos taurus	409	0.9485	0.6896
Bos taurus	410	-1.3242	3.1848
Bos taurus	411	-0.119	0.7126
Bos taurus	412	1.6427	-1.0028
Bos taurus	413	1.0755	1.3317
Bos taurus	414	1.2659	0.164
Bos taurus	415	-0.6337	1.6923
Bos taurus	416	-0.3492	1.1929
Bos taurus	417	0.3588	0.4196
Bos taurus	418	3.0918	0.491
Bos taurus	419	0.1423	2.1684
Bos taurus	420	0.3464	-0.6746
Bos taurus	421	0.5532	2.4465
Bos taurus	422	0.8189	1.5637
Bos taurus	423	0.2276	1.7681
Bos taurus	424	0.5278	1.0609
Bos taurus	425	0.2001	1.0613
Bos taurus	426	-0.6959	1.2316
Bos taurus	427	3.8311	-1.0356
Bos taurus	428	2.8263	-3.7734
Bos taurus	429	0.4457	0.9816
Bos taurus	430	-0.8708	-1.2536
Bos taurus	431	0.1962	0.718
Bos taurus	432	-1.0705	-1.1844
Bos taurus	433	1.0469	1.2511
Bos taurus	434	-4.6511	-0.4727
Bos taurus	435	3.0548	0.7938
Bos taurus	436	1.8833	1.653
Bos taurus	437	1.4985	-0.3355
Bos taurus	438	-0.1208	2.2547
Bos taurus	439	-0.6845	1.67
Bos taurus	440	-0.6133	1.4421
Bos taurus	441	1.7428	-0.0964
Bos taurus	442	1.0544	0.4154
Bos taurus	443	0.5511	0.0978
Bos taurus	444	2.1316	0.52
Bos taurus	445	-0.6736	0.6633
Bos taurus	446	1.2179	-0.629
Bos taurus	447	1.5771	1.0975
Bos taurus	448	0.3665	1.5222
Bos taurus	449	0.0338	1.6985
Bos taurus	450	1.1452	1.4745
Bos taurus	451	0.2297	0.2493
Bos taurus	452	-4.2388	-0.193
Bos taurus	453	1.262	1.6302
Bos taurus	454	3.8075	-2.0434
Bos taurus	455	-2.941	-0.175
Bos taurus	456	-3.5089	0.7611
Bos taurus	457	-0.7933	-1.5897
Bos taurus	458	-0.6204	-0.5466
Bos taurus	459	0.6915	0.0784
Bos taurus	460	-3.0705	0.2665
Bos taurus	461	-4.7882	-0.1167
Bos taurus	462	0.2971	0.4917
Bos taurus	463	-0.7216	1.0598
Bos taurus	464	0.5934	1.5343
Bos taurus	465	2.6276	1.2206
Bos taurus	466	1.4606	-3.4649
Bos taurus	467	-1.9034	-0.5165
Bos taurus	468	0.7084	0.0528
Bos taurus	469	0.3915	0.4291
Bos taurus	470	-0.7184	-0.9389
Bos taurus	471	-0.532	1.8771
Bos taurus	472	0.0286	2.2165
Bos taurus	473	2.9629	1.4445
Bos taurus	474	-0.9389	0.8761
Bos taurus	475	2.5032	1.8733
Bos taurus	476	1.0603	0.7556
Bos taurus	477	0.7539	-0.5979
Bos taurus	478	0.8903	-0.9589
Bos taurus	479	0.1965	0.5116
Bos taurus	480	-3.5097	1.5827
Bos taurus	481	-0.4257	-0.5886
Bos taurus	482	-1.0977	-1.1071
Bos taurus	483	-1.776	2.3418
Bos taurus	484	0.6391	1.8266
Bos taurus	485	-2.516	-0.5266
Bos taurus	486	3.1469	-0.316
Bos taurus	487	-0.2973	-1.8302
Bos taurus	488	-0.7092	-3.8817
Bos taurus	489	-4.2718	0.7658
Bos taurus	490	-1.3424	1.1025
Bos taurus	491	0.256	-0.1279
Bos taurus	492	0.5529	0.8261
Bos taurus	493	2.1796	1.5137
Bos taurus	494	-2.3807	-1.2818
Bos taurus	495	-0.5059	1.7721
Bos taurus	496	2.2981	1.1917
Bos taurus	497	0.7588	-0.5109
Bos taurus	498	0.4829	-1.3815
Bos taurus	499	0.6851	0.9018
Bos taurus	500	-1.5836	-0.7588
Bos taurus	501	-1.5925	-1.6894
Bos taurus	502	4.7133	0.1408
Bos taurus	503	-2.6819	0.1612
Bos taurus	504	-1.9317	1.9936
Bos taurus	505	-0.6039	-0.1409
Bos taurus	506	0.2572	0.8918
Bos taurus	507	1.3194	-1.0886
Bos taurus	508	1.0454	2.211
Bos taurus	509	-0.5535	-1.3308
Bos taurus	510	0.5917	-1.7819
Bos taurus	511	-1.8449	-1.738
Bos taurus	512	0.0961	0.1667
Bos taurus	513	0.9733	-0.8584
Bos taurus	514	0.644	0.3159
Bos taurus	515	-0.0842	1.3686
Bos taurus	516	0.6029	1.4499
Bos taurus	517	1.1183	-0.3115
Bos taurus	518	-0.9393	2.0392
Bos taurus	519	-0.9525	2.7733
Bos taurus	520	0.3984	1.9631
Bos taurus	521	0.8995	0.941
Bos taurus	522	-1.997	2.0922
Bos taurus	523	0.5522	1.0576
Bos taurus	524	-1.1442	2.3534
Bos taurus	525	0.8493	0.5475
Bos taurus	526	1.1418	0.9242
Bos taurus	527	-0.1879	1.6552
Bos taurus	528	0.3676	-1.0058
Bos taurus	529	-0.7657	0.1873
Bos taurus	530	1.7481	1.7676
Bos taurus	531	-1.5199	0.5101
Bos taurus	532	1.3464	0.5093
Bos taurus	533	0.4428	0.0101
Bos taurus	534	1.3252	1.1049
Bos taurus	535	2.8122	0.0422
Bos taurus	536	-0.5316	2.3297
Bos taurus	537	1.1648	-1.7953
Bos taurus	538	0.2513	0.4174
Bos taurus	539	-0.0167	-0.6536
Bos taurus	540	1.1248	-0.7694
Bos taurus	541	0.9082	1.6315
Bos taurus	542	1.2702	1.8862
Bos taurus	543	-2.3161	-4.1253
Bos taurus	544	-1.2923	2.0815
Bos taurus	545	-0.4882	-1.9138
Bos taurus	546	1.8697	0.7823
Bos taurus	547	1.1381	0.4982
Bos taurus	548	1.0247	-1.6236
Bos taurus	549	-1.6572	1.7367
Bos taurus	550	-0.2884	-1.9243
Bos taurus	551	0.0635	-1.3619
Bos taurus	552	0.5516	-0.068
Bos taurus	553	0.0187	-2.1597
Bos taurus	554	0.6252	-1.0566
Bos taurus	555	0.1251	1.5058
Bos taurus	556	1.1067	-0.5662
Bos taurus	557	2.2025	1.6654
Bos taurus	558	-1.0857	3.132
Bos taurus	559	-1.1781	3.7207
Bos taurus	560	-1.7689	-1.0499
Bos taurus	561	-1.777	-2.1576
Bos taurus	562	-0.5797	-0.4335
Bos taurus	563	2.3457	1.2838
Bos taurus	564	2.3912	-1.3605
Bos taurus	565	2.9596	0.3665
Bos taurus	566	-1.8073	-1.1492
Bos taurus	567	0.4164	1.5954
Bos taurus	568	-1.038	0.6474
Bos taurus	569	-1.2947	-0.6381
Bos taurus	570	2.4478	0.3727
Bos taurus	571	0.8097	0.9243
Bos taurus	572	1.3191	0.0219
Bos taurus	573	0.2075	1.9257
Bos taurus	574	-2.2399	-0.4345
Bos taurus	575	-0.2324	-1.2001
Bos taurus	576	0.0064	-0.0534
Bos taurus	577	-0.2975	1.8223
Bos taurus	578	-1.6651	-2.4032
Bos taurus	579	0.5764	0.9814
Bos taurus	580	1.7297	-2.4874
Bos taurus	581	0.3269	-2.728
Bos taurus	582	-1.1453	-1.4871
Bos taurus	583	0.1323	0.1072
Bos taurus	584	3.356	-1.7977
Bos taurus	585	-0.7427	0.8576
Bos taurus	586	-0.3668	2.5149
Bos taurus	587	2.7666	-1.2947
Bos taurus	588	0.9741	3.1382
Bos taurus	589	-1.4484	-2.863
Bos taurus	590	2.8998	0.2284
Bos taurus	591	0.1983	1.6474
Bos taurus	592	-0.1987	0.5661
Bos taurus	593	2.8466	-2.2529
Bos taurus	594	-1.8732	0.2823
Bos taurus	595	-1.136	1.0065
Bos taurus	596	1.219	-1.0034
Bos taurus	597	3.0311	-1.6563
Bos taurus	598	1.5419	0.1896
Bos taurus	599	1.7323	1.0504
Bos taurus	600	2.1391	0.7674
Bos taurus	601	-3.0493	0.2308
Bos taurus	602	0.88	-0.6362
Bos taurus	603	1.1203	0.7689
Bos taurus	604	-4.2571	-1.9198
Bos taurus	605	-0.9596	0.7027
Bos taurus	606	1.2593	0.0472
Bos taurus	607	0.4226	0.4208
Bos taurus	608	-0.0695	0.574
Bos taurus	609	0.7456	-2.407
Bos taurus	610	-0.3275	-0.413
Bos taurus	611	0.0044	-0.9999
Bos taurus	612	2.371	1.1684
Bos taurus	613	1.4921	0.8152
Bos taurus	614	-0.1228	-0.3563
Bos taurus	615	1.1788	0.6386
Bos taurus	616	1.8599	1.3008
Bos taurus	617	0.5765	-0.5703
Bos taurus	618	1.1627	0.6332
Bos taurus	619	-1.6153	-5.2069
Bos taurus	620	1.4819	2.1552
Bos taurus	621	3.5883	0.8857
Bos taurus	622	0.4333	-1.2446
Bos taurus	623	0.7026	-1.911
Bos taurus	624	-0.2782	-0.8851
Bos taurus	625	0.2682	2.1224
Bos taurus	626	2.0001	-0.7961
Bos taurus	627	0.2825	0.0567
Bos taurus	628	-2.0424	-0.4829
Bos taurus	629	0.66	0.8719
Bos taurus	630	-0.4107	-1.8781
Bos taurus	631	-5.787	-3.6083
Bos taurus	632	-1.1458	0.8698
Bos taurus	633	-0.4768	1.9919
Bos taurus	634	-0.2545	3.3044
Bos taurus	635	-1.4887	0.4415
Bos taurus	636	2.1019	-0.4494
Bos taurus	637	-1.6718	-2.4485
Bos taurus	638	5.3486	-1.4723
Bos taurus	639	0.5711	0.2715
Bos taurus	640	0.7454	2.711
Bos taurus	641	-5.5619	-0.2857
Bos taurus	642	0.5118	1.9572
Bos taurus	643	-1.9118	-0.9963
Bos taurus	644	-0.2896	2.8354
Bos taurus	645	0.6124	-2.9677
Bos taurus	646	0.4439	0.2952
Bos taurus	647	0.6295	0.5668
Bos taurus	648	2.2787	-3.3583
Bos taurus	649	0.7011	-0.2706
Bos taurus	650	-3.4459	0.3408
Bos taurus	651	-0.1885	-1.8952
Bos taurus	652	0.5214	0.0462
Bos taurus	653	2.5264	1.5337
Bos taurus	654	-0.1316	1.0453
Bos taurus	655	0.7645	0.4588
Bos taurus	656	2.7374	1.6713
Bos taurus	657	-0.2496	0.1974
Bos taurus	658	0.5744	-1.0782
Bos taurus	659	1.8092	-1.3283
Bos taurus	660	0.1609	-0.6509
Bos taurus	661	0.5033	0.8484
Bos taurus	662	1.0194	-0.7886
Bos taurus	663	0.9039	1.7087
Bos taurus	664	-1.1492	-1.56
Bos taurus	665	0.7751	0.2936
Bos taurus	666	-0.4686	1.2166
Bos taurus	667	1.2288	0.7403
Bos taurus	668	-0.3949	1.6696
Bos taurus	669	-0.0886	1.9497
Bos taurus	670	1.5901	3.3887
Bos taurus	671	2.0411	1.4494
Bos taurus	672	0.1297	-0.529
Bos taurus	673	-3.2019	-3.3002
Bos taurus	674	1.6825	-1.1503
Bos taurus	675	-0.8297	2.8874
Bos taurus	676	-2.441	0.7936
Bos taurus	677	0.9296	0.8525
Bos taurus	678	-0.1835	-2.4122
Bos taurus	679	-4.81	0.5017
Bos taurus	680	1.0735	1.8505
Bos taurus	681	-0.7969	2.0237
Bos taurus	682	0.5768	-2.7505
Bos taurus	683	-2.0715	-2.4017
Bos taurus	684	3.7108	0.1081
Bos taurus	685	-1.1087	-0.9595
Bos taurus	686	0.9493	1.3719
Bos taurus	687	0.4248	3.8229
Bos taurus	688	-1.6011	1.1269
Bos taurus	689	-3.2364	-0.4537
Bos taurus	690	-0.8469	1.7528
Bos taurus	691	0.0921	0.6703
Bos taurus	692	-2.4477	2.4144
Bos taurus	693	-0.0552	0.2831
Bos taurus	694	1.1738	2.0195
Bos taurus	695	0.49	1.1137
Bos taurus	696	0.6408	0.6866
Bos taurus	697	1.1179	-1.5821
Bos taurus	698	0.5654	1.2466
Bos taurus	699	1.723	1.4042
Bos taurus	700	2.3699	1.7125
Bos taurus	701	-0.8512	0.2083
Bos taurus	702	1.2929	-0.6851
Bos taurus	703	2.1194	0.7388
Bos taurus	704	0.1352	-0.0835
Bos taurus	705	0.3122	-1.0503
Bos taurus	706	-2.1718	3.538
Bos taurus	707	-2.149	-4.589
Bos taurus	708	2.3712	-0.3391
Bos taurus	709	-3.072	-2.9712
Bos taurus	710	1.2475	3.5711
Bos taurus	711	0.7967	1.4289
Bos taurus	712	-0.0546	1.3142
Bos taurus	713	-1.8724	0.6197
Bos taurus	714	0.1262	-0.2753
Bos taurus	715	0.7532	2.4666
Bos taurus	716	1.7932	0.4448
Bos taurus	717	-0.3663	2.1998
Bos taurus	718	-2.2345	-1.2115
Bos taurus	719	1.1095	1.0079
Bos taurus	720	1.1511	-0.3175
Bos taurus	721	1.2231	-1.1436
Bos taurus	722	-0.3799	1.4335
Bos taurus	723	-0.8155	2.0884
Bos taurus	724	0.4439	-0.2505
Bos taurus	725	-0.0628	-3.529
Bos taurus	726	-1.8764	1.105
Bos taurus	727	1.0782	0.9854
Bos taurus	728	1.7333	1.4691
Bos taurus	729	1.3959	0.0104
Bos taurus	730	0.0354	0.5486
Bos taurus	731	-0.4849	-0.8697
Bos taurus	732	0.2676	0.4967
Bos taurus	733	1.7933	0.7598
Bos taurus	734	0.5759	-2.2364
Bos taurus	735	-1.1557	2.8325
Bos taurus	736	-1.6875	-0.1268
Bos taurus	737	-0.5098	-1.2378
Bos taurus	738	-0.5279	2.1304
Bos taurus	739	-1.3294	-1.0793
Bos taurus	740	-3.2419	1.9796
Bos taurus	741	-0.4888	0.0152
Bos taurus	742	-3.1523	1.1057
Bos taurus	743	-1.714	1.25
Bos taurus	744	2.9956	0.011
Bos taurus	745	1.5592	0.5638
Bos taurus	746	0.3543	-0.0397
Bos taurus	747	1.3754	0.7089
Bos taurus	748	-0.8406	0.1755
Bos taurus	749	0.6917	0.8806
Bos taurus	750	2.1985	1.0364
Bos taurus	751	-1.8767	-2.8649
Bos taurus	752	-0.0673	-0.5074
Bos taurus	753	0.0517	-1.158
Bos taurus	754	0.5186	1.8413
Bos taurus	755	0.6683	0.2827
Bos taurus	756	0.3703	1.4215
Bos taurus	757	2.4568	0.6826
Bos taurus	758	2.7142	-2.5739
Bos taurus	759	1.012	0.3156
Bos taurus	760	2.2026	-0.4913
Bos taurus	761	1.4852	0.7841
Bos taurus	762	-0.519	-0.1133
Bos taurus	763	-0.5534	0.4613
Bos taurus	764	0.4391	2.0071
Bos taurus	765	-0.1692	0.6757
Bos taurus	766	0.4672	-0.1815
Bos taurus	767	0.253	0.75
Bos taurus	768	-0.0569	1.3376
Bos taurus	769	2.5947	1.3526
Bos taurus	770	-5.298	-3.7862
Bos taurus	771	-0.3605	1.9865
Bos taurus	772	-2.8941	2.5413
Bos taurus	773	0.4963	1.4123
Bos taurus	774	1.0689	1.6016
Bos taurus	775	0.2865	1.7756
Bos taurus	776	-0.627	-0.282
Bos taurus	777	1.6891	0.5962
Bos taurus	778	-1.3844	1.912
Bos taurus	779	-0.3927	2.2927
Bos taurus	780	0.0185	0.8307
Bos taurus	781	-1.1513	0.9352
Bos taurus	782	0.9177	0.4959
Bos taurus	783	0.0902	0.0105
Bos taurus	784	-0.6952	1.3777
Bos taurus	785	1.3623	-5.5402
Bos taurus	786	4.6924	-0.0463
Bos taurus	787	-0.2154	2.2627
Bos taurus	788	-0.116	0.9995
Bos taurus	789	-1.5616	0.0539
Bos taurus	790	0.1092	0.2179
Bos taurus	791	-2.4975	0.7365
Bos taurus	792	-0.2613	2.141
Bos taurus	793	2.5031	1.4473
Bos taurus	794	-1.6049	2.2929
Bos taurus	795	0.4504	0.6713
Bos taurus	796	-1.1778	-2.2565
Bos taurus	797	-1.4238	2.5553
Bos taurus	798	1.6326	2.095
Bos taurus	799	1.4586	0.4953
Bos taurus	800	2.6012	0.7065
Bos taurus	801	1.4506	0.1384
Bos taurus	802	-0.8488	1.3747
Bos taurus	803	1.2809	1.0397
Bos taurus	804	0.3408	1.1351
Bos taurus	805	-1.6887	-2.3674
Bos taurus	806	-1.9088	-0.6645
Bos taurus	807	0.6396	-0.6896
Bos taurus	808	1.4547	3.2425
Bos taurus	809	2.1078	1.8365
Bos taurus	810	-3.1447	2.4377
Bos taurus	811	3.0107	0.5578
Bos taurus	812	0.6081	1.3328
Bos taurus	813	2.0033	-0.6714
Bos taurus	814	-0.3092	1.1302
Bos taurus	815	-2.2511	0.8994
Bos taurus	816	0.3007	-0.2483
Bos taurus	817	-0.4214	-0.4
Bos taurus	818	-0.4528	-0.3874
Bos taurus	819	0.8457	1.0654
Bos taurus	820	0.2704	2.9478
Bos taurus	821	0.926	-0.0327
Bos taurus	822	-0.2383	0.0133
Bos taurus	823	-1.4414	-0.579
Bos taurus	824	0.2283	0.7865
Bos taurus	825	-0.0381	-1.8763
Bos taurus	826	-0.903	-0.4082
Bos taurus	827	0.1167	-0.3156
Bos taurus	828	3.6765	0.1278
Bos taurus	829	2.8989	1.2905
Bos taurus	830	0.3452	1.5952
Bos taurus	831	4.5766	-0.752
Bos taurus	832	-1.3154	-1.6199
Bos taurus	833	-1.6369	1.1629
Bos taurus	834	3.0881	-0.2037
Bos taurus	835	3.1129	-0.2519
Bos taurus	836	-2.6795	-1.979
Bos taurus	837	1.5837	0.976
Bos taurus	838	-1.7853	1.695
Bos taurus	839	-2.7725	1.2992
Bos taurus	840	-1.0683	1.3457
Bos taurus	841	2.844	2.1893
Bos taurus	842	2.636	-1.2928
Bos taurus	843	0.4242	0.1909
Bos taurus	844	0.7613	-2.1923
Bos taurus	845	1.3691	-1.4341
Bos taurus	846	0.7196	0.7905
Bos taurus	847	1.2686	-1.6484
Bos taurus	848	1.9981	-0.3909
Bos taurus	849	1.7497	0.2083
Bos taurus	850	-0.217	0.8721
Bos taurus	851	0.108	0.0457
Bos taurus	852	-0.1517	-3.1417
Bos taurus	853	0.0805	-2.4751
Bos taurus	854	2.3033	-2.0295
Bos taurus	855	-4.6517	0.2488
Bos taurus	856	0.9289	-0.3056
Bos taurus	857	-1.4274	-1.7036
Bos taurus	858	2.4024	0.0384
Bos taurus	859	-0.0159	1.8916
Bos taurus	860	-2.9272	-0.9174
Bos taurus	861	0.7585	0.1317
Bos taurus	862	0.675	-2.1162
Bos taurus	863	0.8943	0.8625
Bos taurus	864	1.6292	-0.1036
Bos taurus	865	1.0206	2.2285
Bos taurus	866	3.6883	-1.6339
Bos taurus	867	1.9954	0.1685
Bos taurus	868	-1.7846	-1.8438
Bos taurus	869	-0.4688	0.5361
Bos taurus	870	1.381	1.0609
Bos taurus	871	-1.5245	0.0516
Bos taurus	872	0.6975	0.7301
Bos taurus	873	0.1402	1.4682
Bos taurus	874	-0.335	0.2365
Bos taurus	875	-1.0796	-0.6885
Bos taurus	876	1.6808	1.8632
Bos taurus	877	-0.645	2.3262
Bos taurus	878	1.2939	0.9435
Bos taurus	879	-0.5607	-0.3623
Bos taurus	880	1.6702	0.7578
Bos taurus	881	1.1252	1.5151
Bos taurus	882	-1.1212	-2.4887
Bos taurus	883	-0.4146	1.1501
Bos taurus	884	0.5457	0.8268
Bos taurus	885	-0.0471	0.1448
Bos taurus	886	0.9965	1.6429
Bos taurus	887	0.9589	1.5146
Bos taurus	888	-2.335	0.8242
Bos taurus	889	0.0262	0.8829
Bos taurus	890	-0.6624	1.258
Bos taurus	891	1.9948	-1.3187
Bos taurus	892	-1.2786	1.2096
Bos taurus	893	0.5026	-1.2857
Bos taurus	894	1.4591	1.204
Bos taurus	895	1.8114	1.3435
Bos taurus	896	0.6932	1.4724
Bos taurus	897	1.0346	1.714
Bos taurus	898	3.206	0.9984
Bos taurus	899	0.0692	0.1433
Bos taurus	900	1.4443	1.2091
Bos taurus	901	3.2128	-1.1837
Bos taurus	902	1.3982	0.5028
Bos taurus	903	1.0874	-0.776
Bos taurus	904	1.8287	1.2838
Bos taurus	905	0.7121	0.532
Bos taurus	906	0.3496	1.2921
Bos taurus	907	0.6473	-1.0047
Bos taurus	908	-0.6436	0.7345
Bos taurus	909	-0.5522	0.9519
Bos taurus	910	1.8172	0.0958
Bos taurus	911	0.5332	0.2176
Bos taurus	912	1.861	2.6665
Bos taurus	913	0.2504	-1.2381
Bos taurus	914	0.7241	0.3931
Bos taurus	915	-0.0664	1.4166
Bos taurus	916	-4.4174	-0.3755
Bos taurus	917	-2.8164	-1.0289
Bos taurus	918	-3.8854	-5.6783
Bos taurus	919	-4.064	0.8202
Bos taurus	920	-0.6072	-0.9756
Bos taurus	921	0.4768	0.5639
Bos taurus	922	4.6872	-0.0474
Bos taurus	923	1.6969	0.3651
Bos taurus	924	5.4473	0.498
Bos taurus	925	4.5033	-1.7221
Bos taurus	926	5.249	-0.5079
Bos taurus	927	4.002	-2.1439
Bos taurus	928	-0.0828	2.6132
Bos taurus	929	1.1037	1.7782
Bos taurus	930	0.8146	1.4968
Bos taurus	931	0.0474	-0.9063
Bos taurus	932	-1.4363	-2.1885
Bos taurus	933	2.0009	0.6986
Bos taurus	934	0.8385	2.5195
Bos taurus	935	-0.941	1.8581
Bos taurus	936	-5.6506	3.5167
Bos taurus	937	0.6837	-3.6358
Bos taurus	938	0.8786	-1.1752
Bos taurus	939	0.9006	-0.7975
Bos taurus	940	1.8029	2.134
Bos taurus	941	0.0756	-0.837
Bos taurus	942	-0.0322	-1.4826
Bos taurus	943	-0.4297	1.5616
Bos taurus	944	2.1662	2.5364
Bos taurus	945	0.7276	0.2762
Bos taurus	946	0.2445	-0.3886
Bos taurus	947	1.5345	-1.513
Bos taurus	948	1.8352	0.4727
Bos taurus	949	1.5356	0.767
Bos taurus	950	4.5777	1.0768
Bos taurus	951	0.199	1.6837
Bos taurus	952	0.6981	-0.6488
Bos taurus	953	0.803	1.4264
Bos taurus	954	3.3046	-1.4893
Bos taurus	955	-0.5898	-1.0753
Bos taurus	956	-0.4118	-1.7043
Bos taurus	957	-0.1146	0.54
Bos taurus	958	0.8851	2.6116
Bos taurus	959	4.6213	-0.7656
Bos taurus	960	-0.251	-2.4569
Bos taurus	961	0.961	-0.4413
Bos taurus	962	1.0017	1.0391
Bos taurus	963	1.1103	1.8421
Bos taurus	964	2.8993	-1.5576
Bos taurus	965	1.1803	0.518
Bos taurus	966	1.4617	2.2396
Bos taurus	967	1.7386	-4.2159
Bos taurus	968	-2.4873	1.5684
Bos taurus	969	1.0338	1.3918
Bos taurus	970	-1.0583	1.57
Bos taurus	971	0.8561	0.8756
Bos taurus	972	0.0519	-0.8271
Bos taurus	973	1.0218	-1.0878
Bos taurus	974	0.6938	0.5495
Bos taurus	975	0.6633	0.6932
Bos taurus	976	1.405	0.1527
Bos taurus	977	-1.316	-2.1745
Bos taurus	978	0.5898	2.2485
Bos taurus	979	1.784	0.6063
Bos taurus	980	3.7365	-0.9705
Bos taurus	981	-0.0544	-0.6903
Bos taurus	982	1.6283	1.5527
Bos taurus	983	0.3934	1.4845
Bos taurus	984	1.0911	1.3162
Bos taurus	985	0.0293	2.1034
Bos taurus	986	-0.8718	2.4534
Bos taurus	987	0.0986	3.2759
Bos taurus	988	2.1905	1.4194
Bos taurus	989	0.7767	1.6859
Bos taurus	990	-1.5734	-0.0885
Bos taurus	991	1.3616	0.7281
Bos taurus	992	0.8669	1.6624
Bos taurus	993	0.4512	1.2107
Bos taurus	994	0.0611	3.3342
Bos taurus	995	3.3604	2.6795
Bos taurus	996	-0.4543	-0.2665
Bos taurus	997	4.0455	0.7729
Bos taurus	998	0.6339	0.4588
Bos taurus	999	1.0806	0.1529
Homo sapiens	0	1.1045	0.1572
Homo sapiens	1	-0.711	-2.3662
Homo sapiens	2	0.5977	1.8759
Homo sapiens	3	-0.825	2.8425
Homo sapiens	4	3.7558	-2.7622
Homo sapiens	5	0.0962	1.6147
Homo sapiens	6	-2.6954	1.7012
Homo sapiens	7	0.3599	4.6897
Homo sapiens	8	5.2325	-1.0159
Homo sapiens	9	-2.0781	0.6952
Homo sapiens	10	0.5534	1.0522
Homo sapiens	11	4.7515	-6.1093
Homo sapiens	12	-1.7109	3.8421
Homo sapiens	13	0.9529	1.0234
Homo sapiens	14	0.3472	1.3139
Homo sapiens	15	2.2329	0.7273
Homo sapiens	16	-2.5331	-3.3922
Homo sapiens	17	-2.5432	2.0788
Homo sapiens	18	2.1079	-1.3625
Homo sapiens	19	-1.2627	-2.037
Homo sapiens	20	-1.9639	3.0034
Homo sapiens	21	-3.3682	-2.5109
Homo sapiens	22	-4.9267	-2.0154
Homo sapiens	23	-3.5197	-0.436
Homo sapiens	24	3.5806	-2.5971
Homo sapiens	25	0.6108	-0.2512
Homo sapiens	26	0.6465	-2.6957
Homo sapiens	27	-0.0178	-0.8508
Homo sapiens	28	-1.4735	-1.7353
Homo sapiens	29	-3.6671	-1.1382
Homo sapiens	30	-7.0972	-0.1252
Homo sapiens	31	-1.9105	-0.6677
Homo sapiens	32	-3.1623	-2.1693
Homo sapiens	33	0.417	0.812
Homo sapiens	34	0.6829	0.3708
Homo sapiens	35	-2.8564	-1.2932
Homo sapiens	36	0.1166	0.5997
Homo sapiens	37	-2.7642	1.8039
Homo sapiens	38	0.8802	-1.8447
Homo sapiens	39	1.7176	0.1774
Homo sapiens	40	-1.9885	0.6551
Homo sapiens	41	1.8766	1.6085
Homo sapiens	42	3.4508	0.9127
Homo sapiens	43	1.2502	1.5949
Homo sapiens	44	0.5169	-1.6806
Homo sapiens	45	0.9002	0.3636
Homo sapiens	46	0.521	0.2876
Homo sapiens	47	-0.8107	3.5919
Homo sapiens	48	-2.235	0.3407
Homo sapiens	49	0.2532	-0.7022
Homo sapiens	50	2.1965	1.202
Homo sapiens	51	2.466	0.496
Homo sapiens	52	5.2028	-1.9496
Homo sapiens	53	-3.3348	-3.1404
Homo sapiens	54	-1.0429	1.1689
Homo sapiens	55	0.7483	1.4844
Homo sapiens	56	4.2957	-2.2934
Homo sapiens	57	0.827	0.2809
Homo sapiens	58	-0.0816	-0.4501
Homo sapiens	59	2.3778	-2.7515
Homo sapiens	60	3.0567	-1.7946
Homo sapiens	61	-1.5632	1.3572
Homo sapiens	62	0.0052	1.8887
Homo sapiens	63	0.6258	1.5947
Homo sapiens	64	-1.9301	-1.5842
Homo sapiens	65	2.5261	0.3724
Homo sapiens	66	0.364	-0.4103
Homo sapiens	67	1.6828	0.8352
Homo sapiens	68	1.5275	1.0685
Homo sapiens	69	-0.1466	1.2669
Homo sapiens	70	1.2588	1.2588
Homo sapiens	71	1.6131	0.8788
Homo sapiens	72	3.6508	0.1156
Homo sapiens	73	-0.5977	0.061
Homo sapiens	74	3.5569	-2.8754
Homo sapiens	75	-0.183	1.0642
Homo sapiens	76	-0.8384	0.6243
Homo sapiens	77	-0.501	-2.3872
Homo sapiens	78	1.0441	-0.8734
Homo sapiens	79	0.3101	-0.0264
Homo sapiens	80	-2.8755	-0.5822
Homo sapiens	81	-1.6458	0.2992
Homo sapiens	82	-0.0908	-0.0905
Homo sapiens	83	-2.0194	-1.0732
Homo sapiens	84	2.8866	-0.3964
Homo sapiens	85	1.4283	-0.8207
Homo sapiens	86	0.6898	-0.3569
Homo sapiens	87	-1.0866	-0.5863
Homo sapiens	88	-1.0227	-0.7018
Homo sapiens	89	-0.0584	2.1631
Homo sapiens	90	1.7456	1.002
Homo sapiens	91	-1.3445	-0.6856
Homo sapiens	92	-2.602	-1.1244
Homo sapiens	93	1.9114	0.1451
Homo sapiens	94	1.3554	0.4079
Homo sapiens	95	2.4577	-0.7701
Homo sapiens	96	1.1179	1.559
Homo sapiens	97	-1.2567	-0.45
Homo sapiens	98	0.6943	0.2969
Homo sapiens	99	4.3836	-2.898
Homo sapiens	100	-3.0477	-2.8887
Homo sapiens	101	2.3188	-3.2276
Homo sapiens	102	-0.0354	0.9241
Homo sapiens	103	-0.6671	-0.6104
Homo sapiens	104	-1.2962	0.3176
Homo sapiens	105	1.3367	-2.1792
Homo sapiens	106	-0.213	-0.8865
Homo sapiens	107	1.1154	1.2567
Homo sapiens	108	0.765	-0.5146
Homo sapiens	109	1.7698	0.479
Homo sapiens	110	4.0772	-2.5947
Homo sapiens	111	1.2458	3.301
Homo sapiens	112	0.6996	-0.1295
Homo sapiens	113	0.3262	2.9532
Homo sapiens	114	2.3325	0.0542
Homo sapiens	115	-1.8465	0.5666
Homo sapiens	116	-1.3198	-0.2492
Homo sapiens	117	-0.4091	-1.8113
Homo sapiens	118	-1.6639	4.3651
Homo sapiens	119	0.878	1.156
Homo sapiens	120	0.1613	1.7351
Homo sapiens	121	-1.1689	-1.1769
Homo sapiens	122	2.3962	-2.0742
Homo sapiens	123	1.9659	-1.9217
Homo sapiens	124	-2.567	-1.0732
Homo sapiens	125	0.6113	-0.2366
Homo sapiens	126	-2.218	0.2208
Homo sapiens	127	-1.3716	-2.1214
Homo sapiens	128	-0.7815	-0.3896
Homo sapiens	129	2.9705	-2.3042
Homo sapiens	130	0.8583	2.0009
Homo sapiens	131	-0.0848	1.0401
Homo sapiens	132	4.3609	-1.9119
Homo sapiens	133	2.1576	-3.8325
Homo sapiens	134	-2.8803	-0.4033
Homo sapiens	135	-1.635	0.5626
Homo sapiens	136	1.0126	0.1268
Homo sapiens	137	-0.5472	0.2464
Homo sapiens	138	-2.4502	4.9815
Homo sapiens	139	-4.304	-0.84
Homo sapiens	140	-0.5667	-1.1562
Homo sapiens	141	-0.907	-3.1149
Homo sapiens	142	-0.9081	2.2924
Homo sapiens	143	-4.1559	0.4696
Homo sapiens	144	0.7448	0.6444
Homo sapiens	145	-0.0504	-0.3478
Homo sapiens	146	0.1409	1.421
Homo sapiens	147	1.4294	0.334
Homo sapiens	148	-1.4096	-3.9588
Homo sapiens	149	2.407	1.9213
Homo sapiens	150	-1.6803	2.2857
Homo sapiens	151	2.3031	-3.5716
Homo sapiens	152	1.5079	-2.4146
Homo sapiens	153	2.1499	0.2393
Homo sapiens	154	0.3971	1.381
Homo sapiens	155	1.7259	0.2309
Homo sapiens	156	-0.8817	0.9928
Homo sapiens	157	0.2481	0.51
Homo sapiens	158	0.6239	0.6941
Homo sapiens	159	1.0271	-0.2656
Homo sapiens	160	-0.3708	0.6549
Homo sapiens	161	0.8475	1.3503
Homo sapiens	162	-1.9707	-1.7319
Homo sapiens	163	-1.4062	1.6645
Homo sapiens	164	-0.6274	-3.133
Homo sapiens	165	-1.285	2.1884
Homo sapiens	166	-1.5338	0.2805
Homo sapiens	167	-0.4323	-2.775
Homo sapiens	168	-2.4425	-2.1146
Homo sapiens	169	-2.3184	-0.7019
Homo sapiens	170	0.1744	-0.3891
Homo sapiens	171	-0.4856	-1.0393
Homo sapiens	172	2.3589	1.2061
Homo sapiens	173	0.6878	0.1478
Homo sapiens	174	1.4828	0.4971
Homo sapiens	175	1.6108	0.7423
Homo sapiens	176	-2.3484	-1.1055
Homo sapiens	177	0.7668	1.3986
Homo sapiens	178	-2.5726	-2.6167
Homo sapiens	179	-1.6166	-2.2175
Homo sapiens	180	1.6831	-4.4863
Homo sapiens	181	-2.0573	-0.0278
Homo sapiens	182	-0.6813	3.5825
Homo sapiens	183	-3.0565	4.3969
Homo sapiens	184	0.9284	-4.1071
Homo sapiens	185	-2.866	-3.0404
Homo sapiens	186	3.0679	-1.4797
Homo sapiens	187	-1.591	-0.7934
Homo sapiens	188	-2.5074	1.2226
Homo sapiens	189	1.8913	0.8803
Homo sapiens	190	2.9302	-3.3819
Homo sapiens	191	1.0845	1.6409
Homo sapiens	192	1.0948	0.8321
Homo sapiens	193	1.2417	0.7588
Homo sapiens	194	-1.0875	-0.9128
Homo sapiens	195	3.0924	-2.2963
Homo sapiens	196	0.8888	1.2125
Homo sapiens	197	-0.2849	0.8304
Homo sapiens	198	2.1496	0.57
Homo sapiens	199	-1.004	-3.1772
Homo sapiens	200	1.7477	-0.3734
Homo sapiens	201	0.1947	2.4865
Homo sapiens	202	2.2527	0.1203
Homo sapiens	203	-0.0335	2.1341
Homo sapiens	204	-1.4129	1.9049
Homo sapiens	205	-1.914	-0.9157
Homo sapiens	206	-1.131	2.728
Homo sapiens	207	-0.2344	1.1972
Homo sapiens	208	-2.8216	-1.447
Homo sapiens	209	1.5493	0.8551
Homo sapiens	210	0.8538	0.2252
Homo sapiens	211	-1.4089	-0.6353
Homo sapiens	212	0.8434	0.989
Homo sapiens	213	-3.1634	2.5513
Homo sapiens	214	-3.5418	-4.8495
Homo sapiens	215	0.9078	-0.115
Homo sapiens	216	4.629	-1.6617
Homo sapiens	217	3.5204	-2.0057
Homo sapiens	218	-0.7989	-1.5374
Homo sapiens	219	1.8287	1.5525
Homo sapiens	220	-3.4858	-1.0469
Homo sapiens	221	-0.3049	0.069
Homo sapiens	222	2.8565	-0.0236
Homo sapiens	223	0.8059	1.3427
Homo sapiens	224	0.9693	0.0459
Homo sapiens	225	-0.8686	0.6441
Homo sapiens	226	-0.7572	0.7085
Homo sapiens	227	-1.3787	1.1098
Homo sapiens	228	0.9905	-4.2612
Homo sapiens	229	-0.1686	2.5602
Homo sapiens	230	1.4166	0.3428
Homo sapiens	231	-0.686	1.6987
Homo sapiens	232	0.63	-0.8524
Homo sapiens	233	2.2933	1.7914
Homo sapiens	234	-0.2367	0.013
Homo sapiens	235	2.0207	1.3364
Homo sapiens	236	1.3421	1.1152
Homo sapiens	237	-0.4909	1.0645
Homo sapiens	238	0.7649	1.8878
Homo sapiens	239	-0.1486	-2.1521
Homo sapiens	240	-1.5669	-1.513
Homo sapiens	241	2.4065	0.8564
Homo sapiens	242	0.0539	0.4983
Homo sapiens	243	-0.2407	0.5178
Homo sapiens	244	-1.341	1.1
Homo sapiens	245	-0.6165	1.2175
Homo sapiens	246	-1.9891	0.6969
Homo sapiens	247	-3.8132	-0.1719
Homo sapiens	248	-1.8893	0.8708
Homo sapiens	249	0.5629	-1.0926
Homo sapiens	250	-0.0068	-1.4302
Homo sapiens	251	-0.5192	1.5686
Homo sapiens	252	-1.814	1.6803
Homo sapiens	253	0.2339	0.2025
Homo sapiens	254	0.0533	0.273
Homo sapiens	255	1.1035	-0.045
Homo sapiens	256	-0.1517	-0.0941
Homo sapiens	257	0.6113	-0.1132
Homo sapiens	258	-2.5759	1.2129
Homo sapiens	259	0.5633	2.949
Homo sapiens	260	1.3213	-0.5241
Homo sapiens	261	1.2784	0.6097
Homo sapiens	262	2.6522	0.5411
Homo sapiens	263	1.9142	-0.0162
Homo sapiens	264	0.0901	1.6433
Homo sapiens	265	0.1739	0.7474
Homo sapiens	266	-2.7926	4.639
Homo sapiens	267	0.2308	1.3312
Homo sapiens	268	2.697	-0.0838
Homo sapiens	269	-2.1356	3.5375
Homo sapiens	270	-0.5729	2.4314
Homo sapiens	271	-0.8413	-0.7782
Homo sapiens	272	0.1738	-1.8677
Homo sapiens	273	-1.2862	-2.2299
Homo sapiens	274	-0.5993	0.5986
Homo sapiens	275	-2.4884	-1.2244
Homo sapiens	276	1.0077	-1.8754
Homo sapiens	277	-4.3538	-3.3803
Homo sapiens	278	1.0167	-0.0877
Homo sapiens	279	0.5738	1.8613
Homo sapiens	280	0.5941	-0.276
Homo sapiens	281	-5.8159	1.2598
Homo sapiens	282	4.081	0.4973
Homo sapiens	283	2.4463	1.4015
Homo sapiens	284	-2.9384	0.9354
Homo sapiens	285	-4.4464	-0.6165
Homo sapiens	286	-0.7804	0.5088
Homo sapiens	287	-0.7897	1.9308
Homo sapiens	288	0.279	0.5218
Homo sapiens	289	2.2551	2.8539
Homo sapiens	290	-2.0869	-0.1076
Homo sapiens	291	-0.0616	0.2637
Homo sapiens	292	1.1769	-0.2257
Homo sapiens	293	1.617	0.3803
Homo sapiens	294	1.9306	2.3733
Homo sapiens	295	-0.0545	-0.1309
Homo sapiens	296	-0.3883	0.5442
Homo sapiens	297	-1.0344	0.4724
Homo sapiens	298	-2.2155	-2.2257
Homo sapiens	299	2.8566	-1.5307
Homo sapiens	300	-0.1268	1.4556
Homo sapiens	301	-0.4694	-0.0881
Homo sapiens	302	-1.6824	1.3427
Homo sapiens	303	0.9941	1.9668
Homo sapiens	304	-0.889	0.2272
Homo sapiens	305	-0.1753	1.052
Homo sapiens	306	-0.7183	-1.1263
Homo sapiens	307	-1.7683	-0.2236
Homo sapiens	308	1.2	1.7635
Homo sapiens	309	1.0902	0.4362
Homo sapiens	310	1.3808	0.9027
Homo sapiens	311	-0.2261	-0.9243
Homo sapiens	312	-1.3756	2.4274
Homo sapiens	313	-1.2728	1.1333
Homo sapiens	314	1.1898	-0.5692
Homo sapiens	315	1.1525	0.5934
Homo sapiens	316	0.1533	-0.7443
Homo sapiens	317	1.8821	0.7407
Homo sapiens	318	-2.7597	0.2495
Homo sapiens	319	-1.6487	-1.3958
Homo sapiens	320	0.5	1.0992
Homo sapiens	321	-1.9476	-1.1119
Homo sapiens	322	4.2749	-2.5579
Homo sapiens	323	-2.1362	0.0496
Homo sapiens	324	-1.9883	0.7826
Homo sapiens	325	1.0869	1.5042
Homo sapiens	326	-3.7148	-1.0713
Homo sapiens	327	0.5226	-0.8518
Homo sapiens	328	0.0362	0.3177
Homo sapiens	329	0.8161	0.0108
Homo sapiens	330	-1.7304	-0.7247
Homo sapiens	331	2.8234	-0.5411
Homo sapiens	332	-0.6122	-1.1355
Homo sapiens	333	-0.5629	1.2827
Homo sapiens	334	-1.3383	-2.332
Homo sapiens	335	-0.3789	-0.8936
Homo sapiens	336	0.7279	0.1364
Homo sapiens	337	2.058	0.0848
Homo sapiens	338	-1.773	-1.4352
Homo sapiens	339	1.2895	-0.5377
Homo sapiens	340	-0.3106	0.9807
Homo sapiens	341	1.6811	1.6867
Homo sapiens	342	1.0531	1.7273
Homo sapiens	343	0.6508	0.6635
Homo sapiens	344	1.2098	-3.345
Homo sapiens	345	3.9646	-1.2843
Homo sapiens	346	-2.7809	-0.9321
Homo sapiens	347	-1.594	3.3511
Homo sapiens	348	-1.0692	0.2752
Homo sapiens	349	2.0782	0.1242
Homo sapiens	350	0.1973	-1.2114
Homo sapiens	351	2.5086	-0.0787
Homo sapiens	352	1.0706	-4.4513
Homo sapiens	353	0.8036	0.2152
Homo sapiens	354	0.1747	-1.2697
Homo sapiens	355	1.2535	-0.5935
Homo sapiens	356	-0.1633	1.3779
Homo sapiens	357	-5.1359	1.1945
Homo sapiens	358	4.4587	-0.5583
Homo sapiens	359	0.1736	-0.6103
Homo sapiens	360	0.5692	0.1705
Homo sapiens	361	-0.0631	-1.6823
Homo sapiens	362	1.0403	-0.1715
Homo sapiens	363	1.9773	0.6363
Homo sapiens	364	0.7573	-0.2411
Homo sapiens	365	-0.8475	0.9179
Homo sapiens	366	4.8278	-2.1576
Homo sapiens	367	-0.8113	1.4443
Homo sapiens	368	2.2706	3.2939
Homo sapiens	369	0.8392	0.6306
Homo sapiens	370	0.4201	1.088
Homo sapiens	371	-3.1493	-1.1031
Homo sapiens	372	0.2128	1.5418
Homo sapiens	373	0.1212	-4.8803
Homo sapiens	374	0.1665	-2.2071
Homo sapiens	375	1.1271	-4.4418
Homo sapiens	376	-3.8327	2.735
Homo sapiens	377	-3.6745	-2.1423
Homo sapiens	378	-0.989	3.0285
Homo sapiens	379	-2.9615	-1.1687
Homo sapiens	380	2.1586	-0.2905
Homo sapiens	381	2.1517	0.4431
Homo sapiens	382	1.4457	1.8354
Homo sapiens	383	1.3854	0.645
Homo sapiens	384	1.2261	-0.1421
Homo sapiens	385	-1.3497	-0.0927
Homo sapiens	386	4.649	-2.3433
Homo sapiens	387	1.8578	0.7187
Homo sapiens	388	-2.7767	-2.8571
Homo sapiens	389	-0.1045	1.7783
Homo sapiens	390	-0.0367	2.2362
Homo sapiens	391	-0.1308	-3.2668
Homo sapiens	392	1.0245	0.6516
Homo sapiens	393	1.4461	3.1336
Homo sapiens	394	-0.7814	-2.2313
Homo sapiens	395	-0.1748	-2.2283
Homo sapiens	396	0.0043	-3.1458
Homo sapiens	397	0.9647	-2.6233
Homo sapiens	398	1.6308	-2.5079
Homo sapiens	399	-0.522	-2.1998
Homo sapiens	400	2.2687	-1.1323
Homo sapiens	401	-5.8239	-4.0185
Homo sapiens	402	-0.2752	0.2477
Homo sapiens	403	-0.9881	-0.1997
Homo sapiens	404	-3.1155	-1.0455
Homo sapiens	405	1.4558	1.98
Homo sapiens	406	2.3321	-0.447
Homo sapiens	407	-0.7963	-1.44
Homo sapiens	408	-0.0002	-2.1395
Homo sapiens	409	0.8568	1.6559
Homo sapiens	410	0.4323	0.9011
Homo sapiens	411	-0.0547	0.8309
Homo sapiens	412	-0.0814	-2.2725
Homo sapiens	413	1.8494	0.4888
Homo sapiens	414	-11.4925	-3.6215
Homo sapiens	415	4.298	-1.6266
Homo sapiens	416	1.3432	0.1879
Homo sapiens	417	1.5267	1.2131
Homo sapiens	418	4.2061	-2.2424
Homo sapiens	419	1.424	-1.0613
Homo sapiens	420	0.7445	1.6232
Homo sapiens	421	0.0604	-0.0113
Homo sapiens	422	1.0561	-1.2113
Homo sapiens	423	0.9308	0.1008
Homo sapiens	424	1.646	-1.5112
Homo sapiens	425	-2.6883	-0.5764
Homo sapiens	426	4.9106	-0.9707
Homo sapiens	427	0.1768	-0.4504
Homo sapiens	428	2.2621	0.4658
Homo sapiens	429	-0.1607	-0.9619
Homo sapiens	430	-4.9981	-3.1969
Homo sapiens	431	1.737	-0.6988
Homo sapiens	432	0.4159	0.6326
Homo sapiens	433	1.2818	-0.4867
Homo sapiens	434	-7.9046	2.2188
Homo sapiens	435	-0.5163	-1.3446
Homo sapiens	436	-0.3614	-1.5299
Homo sapiens	437	1.4758	0.1651
Homo sapiens	438	0.9884	0.39
Homo sapiens	439	-0.9186	1.708
Homo sapiens	440	0.3152	1.5213
Homo sapiens	441	-0.5082	-0.9944
Homo sapiens	442	-0.3453	1.6283
Homo sapiens	443	-5.1073	-3.1265
Homo sapiens	444	4.0328	-2.2987
Homo sapiens	445	1.5998	-1.3604
Homo sapiens	446	-6.8295	6.897
Homo sapiens	447	-1.3124	0.3363
Homo sapiens	448	1.2677	0.3359
Homo sapiens	449	2.0232	-0.5042
Homo sapiens	450	-1.3388	1.233
Homo sapiens	451	-3.7413	2.9858
Homo sapiens	452	-4.129	1.6753
Homo sapiens	453	-0.0856	-1.7409
Homo sapiens	454	1.3664	0.6413
Homo sapiens	455	-5.1904	-3.9509
Homo sapiens	456	-2.7817	-0.7212
Homo sapiens	457	1.8507	-1.6229
Homo sapiens	458	1.81	-0.3392
Homo sapiens	459	-0.6495	-0.6707
Homo sapiens	460	-1.8979	3.0723
Homo sapiens	461	-0.3042	0.9678
Homo sapiens	462	0.3502	0.7527
Homo sapiens	463	3.5422	0.3761
Homo sapiens	464	1.2797	0.3798
Homo sapiens	465	-0.6762	-0.9885
Homo sapiens	466	-3.9841	-3.5906
Homo sapiens	467	0.3129	-2.6629
Homo sapiens	468	-5.9508	2.2581
Homo sapiens	469	1.7702	-0.0232
Homo sapiens	470	-0.0917	-1.3498
Homo sapiens	471	-1.7047	2.2411
Homo sapiens	472	1.0516	0.4526
Homo sapiens	473	0.5958	-0.4986
Homo sapiens	474	-0.5531	-1.7802
Homo sapiens	475	2.1691	0.1746
Homo sapiens	476	-3.0786	0.2532
Homo sapiens	477	-3.2794	-2.2569
Homo sapiens	478	-2.4589	-1.0605
Homo sapiens	479	2.3083	0.5791
Homo sapiens	480	1.579	0.4226
Homo sapiens	481	-3.817	4.0903
Homo sapiens	482	-1.9587	0.917
Homo sapiens	483	0.376	1.6042
Homo sapiens	484	-0.3488	0.4361
Homo sapiens	485	0.6769	-0.3291
Homo sapiens	486	-2.0145	-0.7392
Homo sapiens	487	2.1851	0.0454
Homo sapiens	488	-3.1185	-4.3129
Homo sapiens	489	-0.2702	-0.7949
Homo sapiens	490	0.958	0.3666
Homo sapiens	491	1.3704	-0.0889
Homo sapiens	492	0.2449	1.8178
Homo sapiens	493	0.8609	2.0741
Homo sapiens	494	0.6671	-4.1408
Homo sapiens	495	0.2843	2.1681
Homo sapiens	496	0.3106	0.9211
Homo sapiens	497	1.1497	0.0918
Homo sapiens	498	-1.7719	-0.7867
Homo sapiens	499	-1.5903	-1.4979
Homo sapiens	500	-1.5938	-2.043
Homo sapiens	501	0.5218	-1.5791
Homo sapiens	502	-2.4913	2.4643
Homo sapiens	503	-3.8926	-3.7879
Homo sapiens	504	3.5613	2.0395
Homo sapiens	505	3.5613	2.0395
Homo sapiens	506	-4.8165	-4.5233
Homo sapiens	507	5.9159	-1.6867
Homo sapiens	508	2.3514	-3.0586
Homo sapiens	509	-0.0354	2.6278
Homo sapiens	510	1.5563	0.2609
Homo sapiens	511	-1.5202	-1.43
Homo sapiens	512	-2.0432	1.4945
Homo sapiens	513	2.7559	-0.2934
Homo sapiens	514	1.8654	0.6994
Homo sapiens	515	0.0318	-4.4451
Homo sapiens	516	-0.3916	0.1263
Homo sapiens	517	0.8075	0.976
Homo sapiens	518	1.8427	0.0186
Homo sapiens	519	2.9275	-0.8796
Homo sapiens	520	2.4896	1.1306
Homo sapiens	521	0.6944	-1.8256
Homo sapiens	522	-4.8039	1.6652
Homo sapiens	523	1.1869	2.4562
Homo sapiens	524	2.134	0.9272
Homo sapiens	525	1.4164	-1.963
Homo sapiens	526	0.3623	2.2432
Homo sapiens	527	0.9503	2.1856
Homo sapiens	528	1.3312	3.1444
Homo sapiens	529	-1.1284	2.9939
Homo sapiens	530	-2.1827	1.7391
Homo sapiens	531	0.3196	2.656
Homo sapiens	532	-0.248	0.5954
Homo sapiens	533	-1.6857	-0.0027
Homo sapiens	534	1.4087	0.0831
Homo sapiens	535	1.2531	-2.3724
Homo sapiens	536	1.7948	-0.8435
Homo sapiens	537	-0.2502	0.1202
Homo sapiens	538	1.3972	1.2496
Homo sapiens	539	-1.4104	-1.1837
Homo sapiens	540	-5.702	2.0697
Homo sapiens	541	-0.0447	0.4962
Homo sapiens	542	0.6446	2.3986
Homo sapiens	543	1.2204	0.8148
Homo sapiens	544	-0.4553	-0.7144
Homo sapiens	545	4.2969	-1.5716
Homo sapiens	546	1.257	-0.9933
Homo sapiens	547	-2.7264	-0.579
Homo sapiens	548	2.9385	0.2016
Homo sapiens	549	-1.1577	-1.5969
Homo sapiens	550	0.7694	1.251
Homo sapiens	551	-0.8148	0.3006
Homo sapiens	552	-0.8114	-0.423
Homo sapiens	553	-0.2256	1.2309
Homo sapiens	554	1.4173	-0.5933
Homo sapiens	555	1.1032	0.3642
Homo sapiens	556	0.3395	-1.5643
Homo sapiens	557	2.005	-1.1531
Homo sapiens	558	4.2307	-1.6064
Homo sapiens	559	0.771	1.8078
Homo sapiens	560	-1.9395	1.7352
Homo sapiens	561	1.9446	0.1218
Homo sapiens	562	-2.272	1.5927
Homo sapiens	563	1.519	-0.9405
Homo sapiens	564	-2.4915	1.5158
Homo sapiens	565	0.7095	-0.2452
Homo sapiens	566	-0.6392	0.9891
Homo sapiens	567	-3.0295	-2.2134
Homo sapiens	568	-2.8712	-3.0701
Homo sapiens	569	1.3427	1.5967
Homo sapiens	570	-0.4357	-1.7287
Homo sapiens	571	2.2701	-0.0429
Homo sapiens	572	1.3899	-0.2753
Homo sapiens	573	2.3608	1.7475
Homo sapiens	574	0.7493	0.9874
Homo sapiens	575	0.7536	1.7937
Homo sapiens	576	1.322	1.1252
Homo sapiens	577	1.4406	0.5075
Homo sapiens	578	0.9063	1.6842
Homo sapiens	579	-1.239	-0.9892
Homo sapiens	580	2.2175	0.8455
Homo sapiens	581	-0.9936	1.7412
Homo sapiens	582	1.1588	-0.5449
Homo sapiens	583	-1.5389	-2.7307
Homo sapiens	584	0.6417	-1.0396
Homo sapiens	585	0.0886	-1.483
Homo sapiens	586	-3.0714	-1.7772
Homo sapiens	587	-4.3872	-4.7752
Homo sapiens	588	-1.6603	-2.0487
Homo sapiens	589	-1.8317	-2.8357
Homo sapiens	590	1.6769	1.2247
Homo sapiens	591	-0.9843	2.4262
Homo sapiens	592	2.4067	0.4783
Homo sapiens	593	2.6271	-1.6269
Homo sapiens	594	-0.7887	-2.894
Homo sapiens	595	2.9396	0.4197
Homo sapiens	596	0.434	2.564
Homo sapiens	597	2.3499	-0.011
Homo sapiens	598	0.8012	0.8556
Homo sapiens	599	-4.0863	-0.8318
Homo sapiens	600	-1.8203	1.127
Homo sapiens	601	-0.6285	1.4067
Homo sapiens	602	-1.928	0.7738
Homo sapiens	603	2.343	0.2389
Homo sapiens	604	-8.0671	1.4311
Homo sapiens	605	1.2945	1.7691
Homo sapiens	606	0.4658	-2.4786
Homo sapiens	607	-2.1771	-0.0472
Homo sapiens	608	0.8353	0.8573
Homo sapiens	609	1.0275	-0.1092
Homo sapiens	610	-3.4396	-2.168
Homo sapiens	611	2.474	-0.9199
Homo sapiens	612	1.0565	0.7246
Homo sapiens	613	-2.7053	-1.7701
Homo sapiens	614	-1.5561	0.9909
Homo sapiens	615	1.2368	0.8999
Homo sapiens	616	1.1931	0.0485
Homo sapiens	617	0.7917	0.2457
Homo sapiens	618	0.5536	0.03
Homo sapiens	619	0.9348	2.1797
Homo sapiens	620	2.1921	1.5479
Homo sapiens	621	1.41	0.815
Homo sapiens	622	-0.8055	2.3533
Homo sapiens	623	0.2133	0.6443
Homo sapiens	624	-1.4172	1.4249
Homo sapiens	625	-1.878	0.5274
Homo sapiens	626	1.0443	0.4276
Homo sapiens	627	0.8718	-1.3286
Homo sapiens	628	0.9631	-0.3774
Homo sapiens	629	2.7278	0.0803
Homo sapiens	630	1.5824	1.0467
Homo sapiens	631	-0.2961	-0.7515
Homo sapiens	632	-2.1088	0.6866
Homo sapiens	633	-2.8759	-0.9601
Homo sapiens	634	2.4949	-0.829
Homo sapiens	635	0.1963	-1.4258
Homo sapiens	636	-1.1031	-1.7832
Homo sapiens	637	2.086	-0.3628
Homo sapiens	638	2.5186	1.2545
Homo sapiens	639	0.9174	-1.9815
Homo sapiens	640	4.2497	-1.7727
Homo sapiens	641	0.9136	0.8905
Homo sapiens	642	1.396	0.0085
Homo sapiens	643	-2.0461	1.9006
Homo sapiens	644	0.0347	1.1349
Homo sapiens	645	2.0869	0.5376
Homo sapiens	646	-1.9514	-1.1979
Homo sapiens	647	1.092	0.6401
Homo sapiens	648	-3.269	2.9921
Homo sapiens	649	0.5614	1.2429
Homo sapiens	650	1.549	0.5453
Homo sapiens	651	2.1182	-0.0864
Homo sapiens	652	1.8112	1.4196
Homo sapiens	653	2.1325	0.2333
Homo sapiens	654	-0.6934	2.4686
Homo sapiens	655	-0.1906	-1.0933
Homo sapiens	656	3.1263	-1.1726
Homo sapiens	657	0.1379	1.0764
Homo sapiens	658	1.3538	0.6733
Homo sapiens	659	-2.3225	3.4966
Homo sapiens	660	-0.0533	-0.2213
Homo sapiens	661	4.3896	-0.2696
Homo sapiens	662	1.2586	0.4168
Homo sapiens	663	-1.4836	-1.4122
Homo sapiens	664	0.3334	-2.5845
Homo sapiens	665	0.8761	-0.2098
Homo sapiens	666	1.0167	0.2412
Homo sapiens	667	-0.2897	-1.7153
Homo sapiens	668	-3.0677	-0.0561
Homo sapiens	669	-0.5328	-2.0822
Homo sapiens	670	-1.5182	-2.3164
Homo sapiens	671	3.3618	-2.3784
Homo sapiens	672	0.6247	-0.2411
Homo sapiens	673	1.5114	0.8916
Homo sapiens	674	1.6674	-1.7823
Homo sapiens	675	-0.5817	3.1188
Homo sapiens	676	-1.8376	0.3137
Homo sapiens	677	2.5758	0.9607
Homo sapiens	678	1.2464	2.3002
Homo sapiens	679	0.9718	0.6651
Homo sapiens	680	0.8085	0.1434
Homo sapiens	681	1.8222	1.6724
Homo sapiens	682	2.3478	0.0135
Homo sapiens	683	-0.2573	1.1284
Homo sapiens	684	0.753	1.979
Homo sapiens	685	3.7808	-1.8146
Homo sapiens	686	0.4936	1.4119
Homo sapiens	687	4.4344	-1.0554
Homo sapiens	688	5.0724	-1.2773
Homo sapiens	689	-2.6827	1.0248
Homo sapiens	690	0.1734	2.0232
Homo sapiens	691	1.2091	1.0924
Homo sapiens	692	1.9922	-1.6059
Homo sapiens	693	4.9133	0.7253
Homo sapiens	694	-4.6839	-3.177
Homo sapiens	695	0.3151	-1.0584
Homo sapiens	696	-1.4468	3.4089
Homo sapiens	697	-0.1389	0.9957
Homo sapiens	698	1.7359	-0.0821
Homo sapiens	699	0.4897	2.8295
Homo sapiens	700	0.8725	1.9606
Homo sapiens	701	0.063	-0.8351
Homo sapiens	702	1.6763	0.4787
Homo sapiens	703	0.6332	0.5882
Homo sapiens	704	1.5992	-0.0682
Homo sapiens	705	2.107	0.2478
Homo sapiens	706	2.8873	-4.0035
Homo sapiens	707	0.0016	2.9525
Homo sapiens	708	-2.7304	-5.097
Homo sapiens	709	1.1366	1.1524
Homo sapiens	710	-0.7412	0.2572
Homo sapiens	711	1.3814	0.7754
Homo sapiens	712	-0.1616	1.0182
Homo sapiens	713	0.8799	0.1748
Homo sapiens	714	3.887	-0.0801
Homo sapiens	715	-0.2351	-0.759
Homo sapiens	716	0.5875	1.0223
Homo sapiens	717	-2.8598	-3.3034
Homo sapiens	718	0.258	2.4079
Homo sapiens	719	0.549	-1.7879
Homo sapiens	720	-3.7515	-1.4742
Homo sapiens	721	1.9734	-1.5196
Homo sapiens	722	0.5926	1.5985
Homo sapiens	723	-1.1348	2.7117
Homo sapiens	724	3.9616	-2.8128
Homo sapiens	725	-1.4983	-0.8343
Homo sapiens	726	3.545	-1.5485
Homo sapiens	727	-0.4166	1.0093
Homo sapiens	728	-5.1565	-4.1346
Homo sapiens	729	0.5366	0.6508
Homo sapiens	730	1.8815	2.3108
Homo sapiens	731	-2.6459	3.3654
Homo sapiens	732	2.1448	0.166
Homo sapiens	733	1.0998	0.9668
Homo sapiens	734	-7.7909	-2.937
Homo sapiens	735	0.5888	-1.5174
Homo sapiens	736	-0.2484	-2.8893
Homo sapiens	737	0.4601	0.9398
Homo sapiens	738	-0.7044	-1.5755
Homo sapiens	739	-0.4968	1.59
Homo sapiens	740	-2.2651	1.6095
Homo sapiens	741	4.2696	-2.1059
Homo sapiens	742	1.1244	0.4809
Homo sapiens	743	4.1723	-1.0231
Homo sapiens	744	0.4464	-0.6091
Homo sapiens	745	-1.2042	-0.3044
Homo sapiens	746	-2.3096	-3.2392
Homo sapiens	747	-2.0117	-1.8419
Homo sapiens	748	2.2418	-3.9852
Homo sapiens	749	4.1958	-1.8347
Homo sapiens	750	1.1517	-0.1743
Homo sapiens	751	1.0654	0.1381
Homo sapiens	752	-1.0404	3.4269
Homo sapiens	753	1.2807	1.8912
Homo sapiens	754	0.8334	-3.9834
Homo sapiens	755	2.7562	-2.027
Homo sapiens	756	4.5334	-1.3882
Homo sapiens	757	0.2279	1.5122
Homo sapiens	758	0.306	-0.0883
Homo sapiens	759	2.0373	1.9395
Homo sapiens	760	0.0999	-1.9059
Homo sapiens	761	1.5159	1.6784
Homo sapiens	762	1.1186	0.9381
Homo sapiens	763	0.2544	-1.9745
Homo sapiens	764	-0.4562	-2.9485
Homo sapiens	765	0.9638	3.7613
Homo sapiens	766	-1.3778	1.5207
Homo sapiens	767	0.2017	2.6624
Homo sapiens	768	-0.1739	0.9275
Homo sapiens	769	0.1148	-0.4944
Homo sapiens	770	-0.425	1.264
Homo sapiens	771	0.9593	-0.205
Homo sapiens	772	4.899	-1.7786
Homo sapiens	773	-0.8455	-6.6089
Homo sapiens	774	-0.1935	1.4651
Homo sapiens	775	0.5793	-0.6585
Homo sapiens	776	1.9535	1.3998
Homo sapiens	777	-1.3521	3.5542
Homo sapiens	778	1.2509	3.3415
Homo sapiens	779	-0.608	-1.8872
Homo sapiens	780	-8.7581	-0.4722
Homo sapiens	781	-10.0103	-2.7246
Homo sapiens	782	3.2987	-2.0573
Homo sapiens	783	-2.1387	-2.0352
Homo sapiens	784	2.5474	-2.2965
Homo sapiens	785	-0.2381	0.6717
Homo sapiens	786	-0.1228	0.4226
Homo sapiens	787	1.6558	0.7657
Homo sapiens	788	-5.0411	-1.3157
Homo sapiens	789	1.3632	-0.6239
Homo sapiens	790	-1.7699	1.6963
Homo sapiens	791	-0.6954	-2.7126
Homo sapiens	792	1.4093	-1.1126
Homo sapiens	793	1.5525	-1.9207
Homo sapiens	794	1.4801	-0.4501
Homo sapiens	795	1.2781	-0.4543
Homo sapiens	796	0.438	-0.0322
Homo sapiens	797	0.2478	0.2019
Homo sapiens	798	1.5851	0.4643
Homo sapiens	799	1.5813	-0.2164
Homo sapiens	800	-1.441	-1.7306
Homo sapiens	801	1.5934	-0.046
Homo sapiens	802	0.4021	-0.866
Homo sapiens	803	2.3512	-1.3898
Homo sapiens	804	-0.9638	-2.1105
Homo sapiens	805	1.0459	2.7279
Homo sapiens	806	0.1835	1.5629
Homo sapiens	807	3.0948	0.0016
Homo sapiens	808	-1.5687	-0.4067
Homo sapiens	809	-0.9675	-0.1929
Homo sapiens	810	0.3685	1.4135
Homo sapiens	811	0.0406	0.5517
Homo sapiens	812	1.7191	-0.1459
Homo sapiens	813	-4.0763	2.6611
Homo sapiens	814	1.0528	1.0509
Homo sapiens	815	-1.5668	0.0428
Homo sapiens	816	0.1956	0.1488
Homo sapiens	817	2.2789	0.3077
Homo sapiens	818	1.7221	0.5541
Homo sapiens	819	1.1245	-0.0437
Homo sapiens	820	4.2423	-1.1061
Homo sapiens	821	3.4009	-2.8673
Homo sapiens	822	1.9064	-1.056
Homo sapiens	823	1.5476	-3.9603
Homo sapiens	824	-2.6803	-3.3044
Homo sapiens	825	1.3895	0.3816
Homo sapiens	826	1.9686	0.8586
Homo sapiens	827	1.2286	-3.2372
Homo sapiens	828	5.328	-1.8912
Homo sapiens	829	0.249	-1.7595
Homo sapiens	830	1.0257	2.1591
Homo sapiens	831	-0.6644	1.9446
Homo sapiens	832	-0.7775	1.5033
Homo sapiens	833	1.0305	0.9688
Homo sapiens	834	1.138	1.6423
Homo sapiens	835	1.1029	1.0182
Homo sapiens	836	3.9167	-0.5741
Homo sapiens	837	2.0966	-2.5406
Homo sapiens	838	-1.7339	-0.3636
Homo sapiens	839	-0.7065	-0.3617
Homo sapiens	840	-1.7342	3.9394
Homo sapiens	841	-2.3456	-2.4902
Homo sapiens	842	0.3549	-0.8989
Homo sapiens	843	1.3193	-1.2041
Homo sapiens	844	1.7448	1.0739
Homo sapiens	845	-1.1363	4.4698
Homo sapiens	846	0.8968	0.3414
Homo sapiens	847	3.7305	-0.1765
Homo sapiens	848	-0.6253	0.47
Homo sapiens	849	3.1544	-4.7261
Homo sapiens	850	4.2961	-2.9329
Homo sapiens	851	2.7012	-0.9151
Homo sapiens	852	-1.5274	3.8713
Homo sapiens	853	0.1073	0.5626
Homo sapiens	854	0.9738	-0.8963
Homo sapiens	855	-2.028	-2.9474
Homo sapiens	856	-1.5367	0.1252
Homo sapiens	857	0.0482	1.4538
Homo sapiens	858	3.254	-2.1186
Homo sapiens	859	-0.5694	2.053
Homo sapiens	860	1.7953	1.6956
Homo sapiens	861	-0.2245	0.7436
Homo sapiens	862	0.1758	1.9712
Homo sapiens	863	3.264	0.6775
Homo sapiens	864	1.8513	-2.26
Homo sapiens	865	4.3305	-1.6676
Homo sapiens	866	-3.6244	1.308
Homo sapiens	867	4.6206	-1.9257
Homo sapiens	868	4.0279	-1.7672
Homo sapiens	869	1.0049	0.6515
Homo sapiens	870	1.3679	1.8265
Homo sapiens	871	3.0112	-1.3369
Homo sapiens	872	2.116	-0.4954
Homo sapiens	873	0.5396	-1.4181
Homo sapiens	874	0.1595	0.7965
Homo sapiens	875	1.456	1.0235
Homo sapiens	876	-1.2836	0.1709
Homo sapiens	877	1.0621	1.6789
Homo sapiens	878	1.3919	-0.984
Homo sapiens	879	4.0054	-0.8342
Homo sapiens	880	0.3164	1.0317
Homo sapiens	881	1.429	-0.3917
Homo sapiens	882	4.7177	-1.1885
Homo sapiens	883	0.7735	-0.5122
Homo sapiens	884	2.8633	-2.9428
Homo sapiens	885	1.932	0.9782
Homo sapiens	886	0.5017	-1.1073
Homo sapiens	887	-2.9834	-2.0355
Homo sapiens	888	0.8068	2.0308
Homo sapiens	889	-1.808	-1.0375
Homo sapiens	890	0.7054	1.0554
Homo sapiens	891	-1.7817	-0.0132
Homo sapiens	892	0.7996	-0.5367
Homo sapiens	893	-0.2525	1.7128
Homo sapiens	894	-0.6146	-1.2426
Homo sapiens	895	-3.6395	-1.988
Homo sapiens	896	0.4442	-1.0202
Homo sapiens	897	-0.9899	1.4644
Homo sapiens	898	-0.5536	0.3513
Homo sapiens	899	-0.6481	-2.8827
Homo sapiens	900	-1.2514	-0.6566
Homo sapiens	901	0.3874	-0.8334
Homo sapiens	902	0.0238	-1.7289
Homo sapiens	903	1.4045	-0.0922
Homo sapiens	904	2.3092	-0.1229
Homo sapiens	905	-6.906	1.2119
Homo sapiens	906	-1.1911	0.9592
Homo sapiens	907	-2.5718	-2.5273
Homo sapiens	908	1.8427	0.4517
Homo sapiens	909	1.7438	0.6362
Homo sapiens	910	0.605	-4.2891
Homo sapiens	911	1.7691	0.152
Homo sapiens	912	-0.6111	-0.2097
Homo sapiens	913	-0.8028	-0.4205
Homo sapiens	914	-2.1808	-1.6144
Homo sapiens	915	-3.6227	-1.551
Homo sapiens	916	-3.5724	-0.854
Homo sapiens	917	1.6691	0.7873
Homo sapiens	918	-1.1818	-1.7892
Homo sapiens	919	1.6411	-0.0549
Homo sapiens	920	1.8156	0.208
Homo sapiens	921	-0.6455	1.9627
Homo sapiens	922	2.1536	0.3616
Homo sapiens	923	1.8346	0.6663
Homo sapiens	924	1.5301	1.3044
Homo sapiens	925	-1.7423	2.14
Homo sapiens	926	-1.7911	1.5342
Homo sapiens	927	-1.7323	-2.4349
Homo sapiens	928	2.1837	0.7336
Homo sapiens	929	2.9768	-0.9235
Homo sapiens	930	2.4053	-0.882
Homo sapiens	931	0.7198	1.7271
Homo sapiens	932	1.4314	0.4098
Homo sapiens	933	1.5701	1.3482
Homo sapiens	934	1.6434	1.6705
Homo sapiens	935	0.9425	1.5082
Homo sapiens	936	0.4774	2.032
Homo sapiens	937	1.1337	0.5518
Homo sapiens	938	-0.7767	1.1405
Homo sapiens	939	0.2162	0.1095
Homo sapiens	940	0.1316	2.5641
Homo sapiens	941	-0.4957	2.4049
Homo sapiens	942	1.2402	0.7219
Homo sapiens	943	0.036	-3.2354
Homo sapiens	944	1.3047	0.9013
Homo sapiens	945	0.976	-1.0197
Homo sapiens	946	-9.5667	0.287
Homo sapiens	947	-2.6206	-2.2978
Homo sapiens	948	0.0293	-2.2314
Homo sapiens	949	-0.6564	0.8081
Homo sapiens	950	-2.4379	2.3588
Homo sapiens	951	1.5884	1.3014
Homo sapiens	952	-0.1439	-0.8781
Homo sapiens	953	0.0706	0.9142
Homo sapiens	954	0.0748	2.1564
Homo sapiens	955	-0.656	-0.5252
Homo sapiens	956	-1.2414	1.3723
Homo sapiens	957	0.3483	-0.3107
Homo sapiens	958	2.0155	1.4784
Homo sapiens	959	0.6431	0.785
Homo sapiens	960	1.7816	0.46
Homo sapiens	961	2.5444	0.7359
Homo sapiens	962	0.8	-0.1112
Homo sapiens	963	0.7012	-2.8111
Homo sapiens	964	-1.4537	0.8001
Homo sapiens	965	1.5631	0.8279
Homo sapiens	966	-3.5179	-1.8463
Homo sapiens	967	3.1924	0.5601
Homo sapiens	968	0.514	1.7801
Homo sapiens	969	0.7322	-2.1849
Homo sapiens	970	-0.4894	1.5601
Homo sapiens	971	0.3125	1.2312
Homo sapiens	972	1.1408	0.8596
Homo sapiens	973	-1.6601	1.7158
Homo sapiens	974	1.1279	-0.4784
Homo sapiens	975	1.1184	1.6651
Homo sapiens	976	-0.9832	-2.2329
Homo sapiens	977	1.023	1.4934
Homo sapiens	978	-1.6522	1.2516
Homo sapiens	979	1.1416	-0.0034
Homo sapiens	980	-0.9763	2.8353
Homo sapiens	981	-2.3803	-3.5819
Homo sapiens	982	0.5298	0.8333
Homo sapiens	983	-1.814	0.6599
Homo sapiens	984	1.6076	-0.5991
Homo sapiens	985	1.493	1.2426
Homo sapiens	986	1.3393	0.8447
Homo sapiens	987	-1.1677	0.1503
Homo sapiens	988	2.5943	2.1271
Homo sapiens	989	3.0187	-1.517
Homo sapiens	990	-0.3295	1.051
Homo sapiens	991	-0.8807	-0.7146
Homo sapiens	992	0.2599	-0.6021
Homo sapiens	993	2.4496	-2.3825
Homo sapiens	994	1.1534	-0.239
Homo sapiens	995	1.0562	-0.9294
Homo sapiens	996	0.4781	2.394
Homo sapiens	997	1.2797	-0.2611
Homo sapiens	998	-1.114	-1.902
Homo sapiens	999	-0.6381	0.8507
Mus musculus	0	-1.3314	2.5253
Mus musculus	1	-1.4956	0.3424
Mus musculus	2	0.5471	-0.4389
Mus musculus	3	-0.7806	-0.4018
Mus musculus	4	-2.7451	-1.3632
Mus musculus	5	0.1607	2.2373
Mus musculus	6	1.234	1.9511
Mus musculus	7	-0.2655	1.6865
Mus musculus	8	-1.0949	-1.8092
Mus musculus	9	-1.7495	0.6202
Mus musculus	10	2.4339	0.1834
Mus musculus	11	-1.6425	1.2711
Mus musculus	12	1.3565	0.4997
Mus musculus	13	4.006	-0.8412
Mus musculus	14	-0.4055	0.6453
Mus musculus	15	-2.8811	2.3173
Mus musculus	16	0.743	2.242
Mus musculus	17	1.3435	0.8029
Mus musculus	18	0.3616	2.4401
Mus musculus	19	-1.9907	-1.5136
Mus musculus	20	3.2769	-0.6909
Mus musculus	21	-0.5365	-0.7223
Mus musculus	22	-0.2479	1.5132
Mus musculus	23	-2.9453	3.2843
Mus musculus	24	-1.1329	1.5211
Mus musculus	25	1.0393	0.3569
Mus musculus	26	-0.6975	-0.2177
Mus musculus	27	0.0709	1.6971
Mus musculus	28	-0.1589	0.2966
Mus musculus	29	-0.1659	2.0438
Mus musculus	30	1.1745	1.1269
Mus musculus	31	-2.5613	-3.1861
Mus musculus	32	2.2577	0.7162
Mus musculus	33	-2.9194	-1.3233
Mus musculus	34	-3.1083	1.7699
Mus musculus	35	-3.0191	-0.4206
Mus musculus	36	-6.7202	-3.2645
Mus musculus	37	0.8864	0.5203
Mus musculus	38	-1.9905	0.535
Mus musculus	39	-0.609	-0.8303
Mus musculus	40	-3.5356	1.9831
Mus musculus	41	-0.2454	-3.5544
Mus musculus	42	0.8306	0.461
Mus musculus	43	0.905	1.7082
Mus musculus	44	0.9506	2.3292
Mus musculus	45	-1.0774	4.4977
Mus musculus	46	0.6608	-1.5327
Mus musculus	47	-3.2825	-0.4012
Mus musculus	48	0.9821	2.0567
Mus musculus	49	0.2536	0.7399
Mus musculus	50	1.2053	0.4436
Mus musculus	51	0.7131	0.5601
Mus musculus	52	-2.0419	0.1567
Mus musculus	53	-5.5497	-3.8331
Mus musculus	54	-3.2035	-6.5787
Mus musculus	55	0.5336	1.3526
Mus musculus	56	0.2678	-0.8969
Mus musculus	57	-0.7076	-0.5341
Mus musculus	58	1.653	1.0817
Mus musculus	59	2.2987	-1.7926
Mus musculus	60	-0.363	0.4876
Mus musculus	61	0.2477	-0.8927
Mus musculus	62	-3.3972	1.1627
Mus musculus	63	0.2531	1.4898
Mus musculus	64	-0.8806	0.772
Mus musculus	65	1.1261	0.4743
Mus musculus	66	-4.4883	2.7457
Mus musculus	67	0.7189	2.5128
Mus musculus	68	2.3125	0.7698
Mus musculus	69	-0.7118	1.2697
Mus musculus	70	0.333	0.3545
Mus musculus	71	3.2109	1.0688
Mus musculus	72	-1.066	0.8921
Mus musculus	73	-2.1286	-1.677
Mus musculus	74	0.0578	1.7332
Mus musculus	75	1.8369	-4.9816
Mus musculus	76	0.8594	1.4316
Mus musculus	77	-1.2152	1.9254
Mus musculus	78	-1.5414	-2.1492
Mus musculus	79	-0.2976	-0.5853
Mus musculus	80	-1.8891	0.421
Mus musculus	81	-3.0102	-1.9281
Mus musculus	82	-1.5595	-2.4646
Mus musculus	83	-0.2724	-0.2683
Mus musculus	84	-1.6419	0.3667
Mus musculus	85	-2.7006	2.9153
Mus musculus	86	-0.4037	-2.5059
Mus musculus	87	3.3525	-1.332
Mus musculus	88	-0.8752	2.1959
Mus musculus	89	0.3037	1.3888
Mus musculus	90	0.9273	-0.2757
Mus musculus	91	-0.2609	-1.4171
Mus musculus	92	2.7354	-0.8673
Mus musculus	93	0.886	-0.0574
Mus musculus	94	1.073	0.4928
Mus musculus	95	0.6456	1.7026
Mus musculus	96	-1.6034	-0.456
Mus musculus	97	1.7892	1.5245
Mus musculus	98	-3.0848	-2.9094
Mus musculus	99	0.708	1.3947
Mus musculus	100	-2.1383	0.0953
Mus musculus	101	-2.4632	-2.6514
Mus musculus	102	-0.1186	-1.7271
Mus musculus	103	1.1744	0.1971
Mus musculus	104	-3.323	-4.5139
Mus musculus	105	0.6241	0.0644
Mus musculus	106	-0.0841	4.434
Mus musculus	107	1.6732	0.5222
Mus musculus	108	1.9145	-0.3817
Mus musculus	109	-4.156	-3.8711
Mus musculus	110	-0.1327	-1.381
Mus musculus	111	0.2967	1.1012
Mus musculus	112	-3.437	2.05
Mus musculus	113	-2.689	0.497
Mus musculus	114	2.2613	-0.016
Mus musculus	115	-1.8356	-2.4818
Mus musculus	116	0.3158	0.0982
Mus musculus	117	1.7447	-3.6986
Mus musculus	118	-1.3851	-1.4508
Mus musculus	119	1.1054	1.0073
Mus musculus	120	-5.2727	-0.0352
Mus musculus	121	1.0474	1.5037
Mus musculus	122	-3.0489	0.34
Mus musculus	123	0.6605	0.7195
Mus musculus	124	2.0952	0.5014
Mus musculus	125	2.4358	1.8383
Mus musculus	126	-1.0751	1.7102
Mus musculus	127	0.2167	0.9926
Mus musculus	128	-0.1059	-0.2992
Mus musculus	129	-0.9001	3.7627
Mus musculus	130	3.5966	-0.6416
Mus musculus	131	0.3128	1.3641
Mus musculus	132	0.5567	0.928
Mus musculus	133	0.983	0.6232
Mus musculus	134	1.8069	1.9246
Mus musculus	135	0.9385	-1.2116
Mus musculus	136	-3.0607	-3.3546
Mus musculus	137	-1.0105	-1.1007
Mus musculus	138	1.5359	0.8615
Mus musculus	139	1.2705	-1.143
Mus musculus	140	-3.8696	-3.8342
Mus musculus	141	1.1491	0.5259
Mus musculus	142	0.814	-2.0266
Mus musculus	143	0.9921	-0.7494
Mus musculus	144	0.614	-0.8892
Mus musculus	145	5.5564	-0.6447
Mus musculus	146	-2.8461	-2.3568
Mus musculus	147	-0.5398	0.147
Mus musculus	148	-2.9121	1.6498
Mus musculus	149	-2.3037	-3.8067
Mus musculus	150	-1.7358	0.1268
Mus musculus	151	3.6578	-0.7557
Mus musculus	152	-0.8672	0.0592
Mus musculus	153	0.6794	1.4302
Mus musculus	154	1.3167	1.6834
Mus musculus	155	0.8826	0.6972
Mus musculus	156	2.5466	-0.2705
Mus musculus	157	2.1163	-0.9745
Mus musculus	158	0.1604	0.9517
Mus musculus	159	-2.3574	-0.4864
Mus musculus	160	-0.4003	-2.9707
Mus musculus	161	-3.0182	3.0726
Mus musculus	162	0.1802	1.8915
Mus musculus	163	0.9373	-0.2335
Mus musculus	164	-1.4777	0.8587
Mus musculus	165	-2.0569	-0.4135
Mus musculus	166	1.6092	0.263
Mus musculus	167	-2.7692	2.7243
Mus musculus	168	1.2167	-0.5267
Mus musculus	169	-3.174	0.1387
Mus musculus	170	2.3206	-1.306
Mus musculus	171	-2.6116	-0.0812
Mus musculus	172	-7.7387	2.2608
Mus musculus	173	4.7317	-1.6774
Mus musculus	174	-1.0588	1.5622
Mus musculus	175	-0.0046	-2.2288
Mus musculus	176	-0.26	-0.7553
Mus musculus	177	0.9824	-1.5473
Mus musculus	178	0.5747	2.174
Mus musculus	179	1.6467	0.5472
Mus musculus	180	1.0691	0.6062
Mus musculus	181	0.7634	2.7749
Mus musculus	182	-4.0865	-3.7569
Mus musculus	183	-0.807	2.1121
Mus musculus	184	-1.359	-0.6421
Mus musculus	185	-0.1703	1.5104
Mus musculus	186	0.1803	0.1248
Mus musculus	187	0.691	2.0588
Mus musculus	188	-0.0295	-1.1339
Mus musculus	189	-0.5465	-0.3426
Mus musculus	190	-2.6589	1.1192
Mus musculus	191	-1.6307	0.6969
Mus musculus	192	0.6009	-0.5356
Mus musculus	193	0.8169	-1.3982
Mus musculus	194	-1.6297	-2.1352
Mus musculus	195	1.9313	-1.9714
Mus musculus	196	-0.5023	0.4435
Mus musculus	197	0.4929	-2.1585
Mus musculus	198	-2.0577	-1.5688
Mus musculus	199	-0.3441	3.1298
Mus musculus	200	2.7855	0.5245
Mus musculus	201	-1.3797	1.0761
Mus musculus	202	0.2743	0.8595
Mus musculus	203	1.5992	-0.7554
Mus musculus	204	4.0508	-1.359
Mus musculus	205	-0.5123	0.2405
Mus musculus	206	1.2604	2.1518
Mus musculus	207	-0.1207	-1.0285
Mus musculus	208	-1.604	1.1484
Mus musculus	209	0.2962	0.782
Mus musculus	210	-2.6992	0.0669
Mus musculus	211	-1.213	-0.2858
Mus musculus	212	0.8578	-0.2837
Mus musculus	213	-0.4309	1.1093
Mus musculus	214	1.3813	1.7039
Mus musculus	215	3.3063	-2.1155
Mus musculus	216	-0.9666	-0.2213
Mus musculus	217	0.1234	-0.4398
Mus musculus	218	-0.2123	2.3486
Mus musculus	219	-2.1094	2.3977
Mus musculus	220	0.5745	-1.3863
Mus musculus	221	0.019	-0.4242
Mus musculus	222	-0.0635	-1.3419
Mus musculus	223	1.9073	-0.8498
Mus musculus	224	0.4864	-1.6082
Mus musculus	225	0.2099	1.782
Mus musculus	226	2.7674	1.9883
Mus musculus	227	0.6836	-2.7845
Mus musculus	228	0.3714	-2.013
Mus musculus	229	1.3327	0.1395
Mus musculus	230	1.0846	1.7663
Mus musculus	231	0.7947	-0.3613
Mus musculus	232	-1.2314	-1.5041
Mus musculus	233	1.7387	-0.259
Mus musculus	234	0.4687	1.0656
Mus musculus	235	-0.3765	1.4871
Mus musculus	236	1.8177	-0.6307
Mus musculus	237	-1.0094	0.2536
Mus musculus	238	-1.9425	0.5448
Mus musculus	239	-0.9283	2.363
Mus musculus	240	-0.3661	1.0024
Mus musculus	241	1.7081	-2.4772
Mus musculus	242	-1.5203	1.9975
Mus musculus	243	0.8217	1.8702
Mus musculus	244	0.4326	0.8458
Mus musculus	245	1.0736	-2.3392
Mus musculus	246	0.2686	2.3023
Mus musculus	247	0.3279	-1.0111
Mus musculus	248	-0.1554	-0.9275
Mus musculus	249	2.5021	1.0282
Mus musculus	250	2.5739	0.3508
Mus musculus	251	0.229	0.8963
Mus musculus	252	-1.8969	0.3394
Mus musculus	253	6.5409	-2.8062
Mus musculus	254	0.8569	-1.4414
Mus musculus	255	1.5496	1.9697
Mus musculus	256	1.3671	0.2272
Mus musculus	257	0.2465	-0.1851
Mus musculus	258	-4.0467	0.5575
Mus musculus	259	-0.8152	-2.1477
Mus musculus	260	1.5088	2.1007
Mus musculus	261	1.3897	0.7019
Mus musculus	262	1.4806	0.5118
Mus musculus	263	-1.5017	1.5667
Mus musculus	264	0.9986	1.1338
Mus musculus	265	1.7622	1.0597
Mus musculus	266	0.816	1.0825
Mus musculus	267	2.1892	-0.3782
Mus musculus	268	0.0467	-1.8341
Mus musculus	269	-0.8709	0.2429
Mus musculus	270	1.3228	1.4493
Mus musculus	271	-0.341	-1.8828
Mus musculus	272	-2.1682	-1.9168
Mus musculus	273	-0.0507	0.0206
Mus musculus	274	0.2299	1.0874
Mus musculus	275	1.2953	-0.0296
Mus musculus	276	1.3034	-0.1341
Mus musculus	277	-2.6087	-1.3214
Mus musculus	278	-1.8689	-0.8366
Mus musculus	279	-2.114	1.3366
Mus musculus	280	-1.0171	0.3385
Mus musculus	281	0.9275	0.2958
Mus musculus	282	-4.1043	2.6347
Mus musculus	283	0.7	-0.166
Mus musculus	284	0.3198	1.0765
Mus musculus	285	-3.3106	-2.265
Mus musculus	286	-0.4496	-0.3594
Mus musculus	287	7.7786	-2.7258
Mus musculus	288	-0.6579	1.6714
Mus musculus	289	-0.7833	4.3268
Mus musculus	290	3.1644	1.0401
Mus musculus	291	-3.5066	1.3699
Mus musculus	292	-3.167	-1.4071
Mus musculus	293	-0.1802	1.7091
Mus musculus	294	0.863	0.7559
Mus musculus	295	1.2141	-0.8746
Mus musculus	296	-3.0573	-2.3332
Mus musculus	297	2.0136	-0.4946
Mus musculus	298	0.7376	-1.7637
Mus musculus	299	1.3373	-1.7532
Mus musculus	300	0.5667	-0.4877
Mus musculus	301	0.1826	-0.5097
Mus musculus	302	-0.8168	-0.4082
Mus musculus	303	-3.7638	2.6027
Mus musculus	304	-5.9667	-5.1246
Mus musculus	305	-0.4192	1.6505
Mus musculus	306	1.4725	0.6764
Mus musculus	307	0.9404	-0.0147
Mus musculus	308	0.7548	-0.0933
Mus musculus	309	-1.0582	2.2739
Mus musculus	310	0.1772	-1.278
Mus musculus	311	-0.4068	0.329
Mus musculus	312	1.4266	-0.2299
Mus musculus	313	1.3561	1.8234
Mus musculus	314	1.5409	0.103
Mus musculus	315	-0.3067	-0.2755
Mus musculus	316	-2.7342	-4.0532
Mus musculus	317	2.5503	-0.007
Mus musculus	318	1.7237	-0.0241
Mus musculus	319	0.1434	1.6061
Mus musculus	320	1.2096	2.4386
Mus musculus	321	-0.2612	-0.3315
Mus musculus	322	3.3635	-1.7488
Mus musculus	323	-0.3442	-0.22
Mus musculus	324	0.2891	1.2434
Mus musculus	325	0.9122	1.3454
Mus musculus	326	1.8515	0.9279
Mus musculus	327	0.1584	0.838
Mus musculus	328	1.6068	1.028
Mus musculus	329	5.1274	-0.9724
Mus musculus	330	0.5531	-0.4538
Mus musculus	331	0.7156	-1.114
Mus musculus	332	-2.6442	-3.511
Mus musculus	333	-6.7108	-2.7974
Mus musculus	334	-0.1288	1.1475
Mus musculus	335	1.9759	0.7484
Mus musculus	336	0.6708	1.5364
Mus musculus	337	1.9233	0.547
Mus musculus	338	0.5883	0.5214
Mus musculus	339	-0.4993	0.1414
Mus musculus	340	0.3245	1.9823
Mus musculus	341	1.8621	0.7431
Mus musculus	342	0.5716	0.5581
Mus musculus	343	-0.0655	2.1479
Mus musculus	344	0.6904	0.8542
Mus musculus	345	1.9195	-0.9595
Mus musculus	346	-2.7907	-1.5981
Mus musculus	347	-1.1121	-3.3099
Mus musculus	348	1.2932	1.3593
Mus musculus	349	3.467	-1.9701
Mus musculus	350	1.5453	1.4104
Mus musculus	351	-1.5492	2.838
Mus musculus	352	0.0564	-0.4453
Mus musculus	353	1.107	2.2311
Mus musculus	354	1.1329	-0.063
Mus musculus	355	-1.2802	-0.8092
Mus musculus	356	-0.1284	0.7237
Mus musculus	357	-0.2301	-0.0235
Mus musculus	358	2.9341	-2.7531
Mus musculus	359	1.4145	1.9073
Mus musculus	360	1.5731	-1.2635
Mus musculus	361	-3.0808	1.091
Mus musculus	362	1.3247	-1.7537
Mus musculus	363	1.4968	2.7206
Mus musculus	364	-2.47	-0.4597
Mus musculus	365	-0.4067	1.2485
Mus musculus	366	-0.8266	-0.9525
Mus musculus	367	2.5269	-0.9127
Mus musculus	368	1.6282	2.5978
Mus musculus	369	1.8	0.475
Mus musculus	370	0.5582	0.7302
Mus musculus	371	0.8845	-0.373
Mus musculus	372	1.5136	0.1113
Mus musculus	373	1.161	1.6449
Mus musculus	374	-3.5787	-2.7318
Mus musculus	375	-1.6359	0.9264
Mus musculus	376	0.8784	-1.703
Mus musculus	377	-1.602	-1.6213
Mus musculus	378	-1.6528	-3.4833
Mus musculus	379	1.4717	0.2123
Mus musculus	380	1.118	0.7663
Mus musculus	381	-2.9257	-3.8193
Mus musculus	382	0.1345	-0.0989
Mus musculus	383	1.1331	2.6533
Mus musculus	384	4.2582	-1.9759
Mus musculus	385	-0.2656	0.2369
Mus musculus	386	-3.2036	-3.3556
Mus musculus	387	1.8003	0.651
Mus musculus	388	-0.6436	-0.07
Mus musculus	389	-3.1209	-3.7653
Mus musculus	390	-0.981	0.6856
Mus musculus	391	1.4543	-0.1466
Mus musculus	392	1.1437	0.1857
Mus musculus	393	-1.2678	-0.8938
Mus musculus	394	1.8083	0.2963
Mus musculus	395	0.5319	-0.9989
Mus musculus	396	-0.711	-0.4884
Mus musculus	397	-4.5622	-6.0805
Mus musculus	398	0.9456	0.6068
Mus musculus	399	0.78	1.181
Mus musculus	400	-3.5917	4.3517
Mus musculus	401	-0.6053	-1.4405
Mus musculus	402	0.0174	1.4326
Mus musculus	403	0.6349	0.368
Mus musculus	404	-9.316	-4.1822
Mus musculus	405	-1.4675	-4.1411
Mus musculus	406	1.0503	0.6765
Mus musculus	407	0.3195	1.2242
Mus musculus	408	1.2732	0.4074
Mus musculus	409	0.1227	1.5812
Mus musculus	410	0.4544	1.8707
Mus musculus	411	0.2894	1.7357
Mus musculus	412	-3.462	-2.8312
Mus musculus	413	0.3503	-0.6471
Mus musculus	414	1.4086	0.3435
Mus musculus	415	3.1773	1.9241
Mus musculus	416	0.0524	0.0359
Mus musculus	417	0.1619	-0.104
Mus musculus	418	0.5712	-1.3127
Mus musculus	419	-1.305	0.4883
Mus musculus	420	2.4775	-0.1948
Mus musculus	421	0.7666	0.2634
Mus musculus	422	-0.4337	0.1223
Mus musculus	423	0.508	-1.2795
Mus musculus	424	4.9151	-0.1164
Mus musculus	425	-1.0974	1.2213
Mus musculus	426	3.6004	-2.4716
Mus musculus	427	-1.6238	0.2956
Mus musculus	428	1.148	0.4437
Mus musculus	429	0.0555	1.3171
Mus musculus	430	-0.0408	0.288
Mus musculus	431	0.6095	1.9507
Mus musculus	432	0.6003	0.3642
Mus musculus	433	3.6796	-1.9169
Mus musculus	434	1.163	1.039
Mus musculus	435	3.2162	-0.8299
Mus musculus	436	-0.5737	-1.7834
Mus musculus	437	-0.2895	0.7997
Mus musculus	438	4.5842	-0.2164
Mus musculus	439	0.1994	-0.4547
Mus musculus	440	1.3936	0.2729
Mus musculus	441	-1.2451	-0.044
Mus musculus	442	2.1812	-0.2221
Mus musculus	443	0.6541	-0.3759
Mus musculus	444	2.3573	0.7491
Mus musculus	445	-0.1624	0.5729
Mus musculus	446	1.1202	1.1645
Mus musculus	447	0.3165	2.2724
Mus musculus	448	4.2316	-1.1042
Mus musculus	449	4.0591	-2.1668
Mus musculus	450	0.7506	-0.5536
Mus musculus	451	-1.2177	-1.5341
Mus musculus	452	1.8201	1.6701
Mus musculus	453	1.6486	1.6723
Mus musculus	454	2.3549	-1.9119
Mus musculus	455	3.0543	-0.6166
Mus musculus	456	-1.7136	-0.3421
Mus musculus	457	1.0605	-0.7446
Mus musculus	458	1.9861	1.099
Mus musculus	459	-1.6458	0.7057
Mus musculus	460	1.1439	-1.5227
Mus musculus	461	3.0888	-0.0196
Mus musculus	462	2.2469	0.9022
Mus musculus	463	-1.7669	1.1896
Mus musculus	464	0.665	1.1304
Mus musculus	465	0.9472	-0.4912
Mus musculus	466	1.3005	0.6021
Mus musculus	467	3.2671	-2.4798
Mus musculus	468	-0.1414	-0.2301
Mus musculus	469	-2.0496	-2.6446
Mus musculus	470	-0.9611	-1.345
Mus musculus	471	1.8405	1.5259
Mus musculus	472	0.8885	0.158
Mus musculus	473	0.8444	1.5627
Mus musculus	474	-2.8137	-3.311
Mus musculus	475	-2.8582	-0.7681
Mus musculus	476	4.2582	-0.2985
Mus musculus	477	3.0073	0.124
Mus musculus	478	-2.5924	-0.9515
Mus musculus	479	1.3334	0.0308
Mus musculus	480	4.2023	-1.8751
Mus musculus	481	1.7345	-4.2485
Mus musculus	482	-2.8103	-2.1564
Mus musculus	483	-2.7736	-2.119
Mus musculus	484	0.5442	1.666
Mus musculus	485	0.2425	0.1901
Mus musculus	486	0.9289	0.5937
Mus musculus	487	0.5975	1.7819
Mus musculus	488	-2.5385	-1.022
Mus musculus	489	-1.9164	0.7306
Mus musculus	490	1.5305	2.115
Mus musculus	491	1.2406	1.4517
Mus musculus	492	3.5912	0.0409
Mus musculus	493	2.638	0.4627
Mus musculus	494	1.2504	0.889
Mus musculus	495	3.4305	-2.3587
Mus musculus	496	3.9734	-1.1475
Mus musculus	497	2.3194	0.6946
Mus musculus	498	0.8232	0.3372
Mus musculus	499	0.2395	0.2772
Mus musculus	500	0.6037	-1.6993
Mus musculus	501	-1.0474	0.1156
Mus musculus	502	-4.008	0.786
Mus musculus	503	0.1852	-1.6828
Mus musculus	504	0.9928	0.8316
Mus musculus	505	2.1616	1.9837
Mus musculus	506	2.2256	-0.0425
Mus musculus	507	0.0125	0.7018
Mus musculus	508	0.2839	1.6264
Mus musculus	509	-0.3843	0.8725
Mus musculus	510	0.9085	0.0135
Mus musculus	511	-1.0494	-2.0747
Mus musculus	512	-3.4313	-2.3946
Mus musculus	513	-1.3304	0.074
Mus musculus	514	-0.5238	-0.7569
Mus musculus	515	1.4115	1.4713
Mus musculus	516	-1.3831	0.1974
Mus musculus	517	-1.2794	0.4295
Mus musculus	518	0.012	-0.1136
Mus musculus	519	2.3888	0.2484
Mus musculus	520	-2.1947	0.7964
Mus musculus	521	-0.1052	0.2743
Mus musculus	522	1.0058	-0.4598
Mus musculus	523	5.104	-0.584
Mus musculus	524	-4.7002	2.1614
Mus musculus	525	-0.9805	3.0749
Mus musculus	526	2.1274	1.5138
Mus musculus	527	-0.5008	2.6751
Mus musculus	528	2.6881	0.703
Mus musculus	529	0.6817	0.3982
Mus musculus	530	0.0308	0.3829
Mus musculus	531	-0.2559	-0.1983
Mus musculus	532	1.1899	-0.99
Mus musculus	533	-9.7388	-1.1049
Mus musculus	534	-3.7465	-3.0139
Mus musculus	535	-3.3901	1.1855
Mus musculus	536	0.9358	0.1482
Mus musculus	537	-2.8215	-3.8049
Mus musculus	538	2.0679	1.9547
Mus musculus	539	0.7491	3.0286
Mus musculus	540	1.217	0.2973
Mus musculus	541	-1.8137	-1.9488
Mus musculus	542	1.8294	0.7823
Mus musculus	543	-3.2585	-2.0236
Mus musculus	544	-0.7462	-0.5694
Mus musculus	545	1.669	-0.3337
Mus musculus	546	1.2395	1.0676
Mus musculus	547	-2.4958	-0.0727
Mus musculus	548	0.7319	-0.3069
Mus musculus	549	0.6195	1.3521
Mus musculus	550	1.1808	1.7905
Mus musculus	551	-2.433	0.3614
Mus musculus	552	-0.1786	-0.907
Mus musculus	553	-4.1463	-1.4079
Mus musculus	554	0.2594	1.8199
Mus musculus	555	1.9375	-3.8994
Mus musculus	556	-0.4961	-2.7395
Mus musculus	557	2.374	0.5208
Mus musculus	558	0.0412	-1.0618
Mus musculus	559	5.9357	-0.0884
Mus musculus	560	4.769	-3.9165
Mus musculus	561	-0.9662	1.3253
Mus musculus	562	2.6335	1.5424
Mus musculus	563	-0.5184	2.2616
Mus musculus	564	-1.1193	1.0686
Mus musculus	565	-1.9895	1.5262
Mus musculus	566	3.1781	-2.9167
Mus musculus	567	0.9953	1.0368
Mus musculus	568	3.5196	-0.8303
Mus musculus	569	3.0495	-1.701
Mus musculus	570	-1.5427	-0.6655
Mus musculus	571	0.1897	-0.1878
Mus musculus	572	-0.7242	1.0966
Mus musculus	573	-0.4197	-1.5456
Mus musculus	574	3.7105	-2.5786
Mus musculus	575	-2.661	-0.655
Mus musculus	576	-2.2108	-2.7332
Mus musculus	577	0.8539	1.1567
Mus musculus	578	-0.0756	1.2341
Mus musculus	579	1.8594	2.3502
Mus musculus	580	0.877	2.0005
Mus musculus	581	-0.0119	-0.3835
Mus musculus	582	-3.2657	-0.792
Mus musculus	583	3.4979	-0.1175
Mus musculus	584	1.3728	1.098
Mus musculus	585	0.9402	0.6925
Mus musculus	586	1.4172	-0.5875
Mus musculus	587	6.5735	-2.8795
Mus musculus	588	3.4979	0.6551
Mus musculus	589	1.3178	1.6137
Mus musculus	590	1.0453	1.4714
Mus musculus	591	0.7419	2.994
Mus musculus	592	-0.6563	0.5294
Mus musculus	593	0.6799	0.6007
Mus musculus	594	-1.1633	3.7965
Mus musculus	595	1.1383	0.7853
Mus musculus	596	-1.4944	0.7919
Mus musculus	597	1.4885	2.9765
Mus musculus	598	-0.7449	1.6725
Mus musculus	599	-0.7384	-0.0664
Mus musculus	600	-1.2766	-0.2101
Mus musculus	601	1.9003	2.008
Mus musculus	602	2.9034	0.157
Mus musculus	603	0.7635	-0.0118
Mus musculus	604	1.1104	1.2677
Mus musculus	605	1.4973	1.213
Mus musculus	606	-2.8739	1.31
Mus musculus	607	0.9663	0.6367
Mus musculus	608	1.4637	1.796
Mus musculus	609	0.126	-0.3678
Mus musculus	610	0.6176	2.4156
Mus musculus	611	-1.0888	2.6603
Mus musculus	612	-2.9107	2.0174
Mus musculus	613	-0.3867	2.4697
Mus musculus	614	-0.4157	2.3617
Mus musculus	615	0.1669	0.8594
Mus musculus	616	0.0692	0.845
Mus musculus	617	-5.2369	3.2458
Mus musculus	618	0.5785	-0.0705
Mus musculus	619	0.1981	2.0527
Mus musculus	620	3.3672	-3.529
Mus musculus	621	1.5749	1.9104
Mus musculus	622	0.6022	2.8027
Mus musculus	623	-1.2799	2.3613
Mus musculus	624	0.003	1.6422
Mus musculus	625	-5.1844	4.9475
Mus musculus	626	2.0085	3.5076
Mus musculus	627	0.2229	1.9175
Mus musculus	628	-2.1856	-2.7354
Mus musculus	629	0.8028	-0.0754
Mus musculus	630	1.5032	1.2877
Mus musculus	631	1.5244	1.7069
Mus musculus	632	2.0116	-0.0963
Mus musculus	633	3.1579	-2.6575
Mus musculus	634	0.703	-0.1039
Mus musculus	635	-1.2615	-2.2388
Mus musculus	636	-0.0802	-0.6855
Mus musculus	637	1.2925	1.5402
Mus musculus	638	4.7072	-2.0407
Mus musculus	639	-1.7426	-1.4458
Mus musculus	640	-2.0447	4.1662
Mus musculus	641	0.1696	0.1385
Mus musculus	642	-3.0748	-0.7749
Mus musculus	643	-1.3043	1.2325
Mus musculus	644	1.775	1.46
Mus musculus	645	-1.9256	-2.3926
Mus musculus	646	-1.7104	-3.0143
Mus musculus	647	0.5989	2.0888
Mus musculus	648	-2.9654	-2.082
Mus musculus	649	0.4578	1.1988
Mus musculus	650	-2.3575	-1.821
Mus musculus	651	-2.8001	0.2209
Mus musculus	652	1.0683	2.7776
Mus musculus	653	0.218	1.8339
Mus musculus	654	-3.2402	-0.6083
Mus musculus	655	-1.0471	-1.8029
Mus musculus	656	-3.2759	0.3822
Mus musculus	657	-0.8789	0.3565
Mus musculus	658	-3.0508	-2.2011
Mus musculus	659	0.1789	2.5678
Mus musculus	660	1.3843	0.9419
Mus musculus	661	3.8981	-0.2885
Mus musculus	662	-2.1421	-1.5687
Mus musculus	663	1.6361	1.5016
Mus musculus	664	-0.0344	-0.4866
Mus musculus	665	2.5579	0.7126
Mus musculus	666	1.4584	1.412
Mus musculus	667	1.7166	0.9939
Mus musculus	668	-2.9717	2.6122
Mus musculus	669	-5.7185	-1.1787
Mus musculus	670	-2.7511	-0.8025
Mus musculus	671	-0.1953	0.8481
Mus musculus	672	-0.7313	-0.0338
Mus musculus	673	-1.7569	-0.2914
Mus musculus	674	0.7094	1.4386
Mus musculus	675	-1.8047	-1.3588
Mus musculus	676	1.1483	0.9987
Mus musculus	677	1.5123	0.1438
Mus musculus	678	-1.0157	1.3318
Mus musculus	679	-1.2837	1.2034
Mus musculus	680	1.0837	-3.4099
Mus musculus	681	0.4791	-1.4635
Mus musculus	682	-1.1373	0.0178
Mus musculus	683	-1.2472	0.2714
Mus musculus	684	1.5924	0.7889
Mus musculus	685	1.2284	0.333
Mus musculus	686	0.0828	0.9292
Mus musculus	687	-1.2317	1.5092
Mus musculus	688	-0.447	1.7028
Mus musculus	689	-0.6606	-1.2632
Mus musculus	690	-1.2401	0.4749
Mus musculus	691	2.8863	-0.7309
Mus musculus	692	1.1173	1.7096
Mus musculus	693	-1.3261	-0.5514
Mus musculus	694	0.3492	1.191
Mus musculus	695	4.724	-0.8271
Mus musculus	696	-0.01	-0.5802
Mus musculus	697	-1.8494	-3.6583
Mus musculus	698	-0.0931	-1.449
Mus musculus	699	-0.1782	-1.1217
Mus musculus	700	0.0871	-3.0393
Mus musculus	701	0.166	1.0947
Mus musculus	702	-0.0239	-1.5428
Mus musculus	703	0.5743	0.4927
Mus musculus	704	0.2734	-0.0898
Mus musculus	705	1.6705	-0.4195
Mus musculus	706	1.6482	0.6404
Mus musculus	707	-3.2815	1.2453
Mus musculus	708	2.8603	-3.2502
Mus musculus	709	-0.219	0.5649
Mus musculus	710	2.5028	0.9084
Mus musculus	711	1.3254	1.045
Mus musculus	712	2.4768	0.4191
Mus musculus	713	2.6789	0.7079
Mus musculus	714	0.966	-1.0375
Mus musculus	715	-0.3039	3.5408
Mus musculus	716	0.1641	1.5217
Mus musculus	717	-2.9926	-1.1126
Mus musculus	718	1.4515	3.6541
Mus musculus	719	5.1653	0.7377
Mus musculus	720	-0.6238	-1.6288
Mus musculus	721	1.2402	1.4049
Mus musculus	722	0.6612	-2.5133
Mus musculus	723	0.6635	-2.2311
Mus musculus	724	-0.1282	2.7725
Mus musculus	725	0.9442	-2.4125
Mus musculus	726	1.8228	0.3978
Mus musculus	727	0.4162	0.8443
Mus musculus	728	0.7281	0.4257
Mus musculus	729	-3.4754	-1.8747
Mus musculus	730	-0.1742	-2.3581
Mus musculus	731	1.4589	1.8589
Mus musculus	732	-1.7546	-1.5941
Mus musculus	733	0.3132	-1.4942
Mus musculus	734	1.1634	0.2741
Mus musculus	735	2.1646	0.6354
Mus musculus	736	0.8151	-0.1941
Mus musculus	737	-0.6496	-3.4533
Mus musculus	738	0.9323	-2.0453
Mus musculus	739	-2.5068	2.5978
Mus musculus	740	-1.2262	-0.3767
Mus musculus	741	0.0728	0.3528
Mus musculus	742	-0.0124	-0.2033
Mus musculus	743	0.8535	-0.3829
Mus musculus	744	1.1004	0.1175
Mus musculus	745	2.328	1.3309
Mus musculus	746	-7.1481	2.1927
Mus musculus	747	-0.471	-1.495
Mus musculus	748	0.0137	-0.7913
Mus musculus	749	0.6444	1.0284
Mus musculus	750	1.1422	1.4253
Mus musculus	751	-0.1345	-2.9522
Mus musculus	752	0.7916	1.4336
Mus musculus	753	0.0913	1.2567
Mus musculus	754	0.6259	-0.241
Mus musculus	755	3.6284	-1.8824
Mus musculus	756	0.3086	-1.8996
Mus musculus	757	1.6974	1.2215
Mus musculus	758	-0.1462	-0.7436
Mus musculus	759	0.7074	2.4314
Mus musculus	760	-1.1591	-3.3275
Mus musculus	761	1.1701	-1.1353
Mus musculus	762	-3.6315	-1.143
Mus musculus	763	-2.2334	-1.6533
Mus musculus	764	0.3744	-3.0194
Mus musculus	765	-4.7793	3.0145
Mus musculus	766	-0.1542	0.656
Mus musculus	767	3.7408	0.2182
Mus musculus	768	1.1525	-1.1366
Mus musculus	769	-2.4047	-3.4663
Mus musculus	770	2.5346	-0.1392
Mus musculus	771	1.8795	-0.393
Mus musculus	772	-2.3828	-3.475
Mus musculus	773	1.5371	1.9239
Mus musculus	774	-1.3476	-0.0761
Mus musculus	775	-0.1931	1.0472
Mus musculus	776	-0.6894	-1.4033
Mus musculus	777	-2.7605	-2.2158
Mus musculus	778	0.4182	1.8235
Mus musculus	779	-2.7505	1.1347
Mus musculus	780	3.3518	0.4581
Mus musculus	781	-2.8403	-0.3967
Mus musculus	782	0.2301	-0.9786
Mus musculus	783	-0.2075	-0.9656
Mus musculus	784	-0.9101	0.4168
Mus musculus	785	2.3111	-0.8869
Mus musculus	786	-2.0864	-0.6574
Mus musculus	787	0.5186	2.2233
Mus musculus	788	1.1618	1.0921
Mus musculus	789	-2.5189	3.8825
Mus musculus	790	-2.3038	1.2812
Mus musculus	791	3.3341	-1.8693
Mus musculus	792	-2.1348	-1.8484
Mus musculus	793	-0.5899	-0.4951
Mus musculus	794	1.624	1.5973
Mus musculus	795	0.7406	1.1864
Mus musculus	796	-0.1639	0.3617
Mus musculus	797	1.3246	0.7669
Mus musculus	798	-1.5611	1.8229
Mus musculus	799	-1.0574	-1.0316
Mus musculus	800	-0.3995	1.4783
Mus musculus	801	-1.4244	-0.259
Mus musculus	802	-2.6422	0.5443
Mus musculus	803	-3.846	-0.728
Mus musculus	804	-0.8385	-0.3242
Mus musculus	805	2.761	-1.6697
Mus musculus	806	-1.6802	-3.3107
Mus musculus	807	5.3426	0.15
Mus musculus	808	-1.4255	-1.7275
Mus musculus	809	4.3639	-0.1568
Mus musculus	810	-0.1586	-0.7949
Mus musculus	811	-5.1523	-4.0681
Mus musculus	812	3.2015	-1.8258
Mus musculus	813	-0.2534	-0.2498
Mus musculus	814	-2.4457	-0.0067
Mus musculus	815	-2.7711	-2.1909
Mus musculus	816	0.4835	-0.8018
Mus musculus	817	-1.8769	-0.3193
Mus musculus	818	-0.0796	-1.5548
Mus musculus	819	0.833	1.1088
Mus musculus	820	-2.0307	-0.6651
Mus musculus	821	-1.683	-0.1138
Mus musculus	822	-2.5794	2.3059
Mus musculus	823	-1.8124	0.0446
Mus musculus	824	-1.2244	-0.9011
Mus musculus	825	1.1127	0.8676
Mus musculus	826	1.7646	2.2926
Mus musculus	827	-0.0537	1.1092
Mus musculus	828	0.2264	1.1034
Mus musculus	829	1.3835	1.2444
Mus musculus	830	0.2118	1.1871
Mus musculus	831	0.7752	0.0759
Mus musculus	832	-2.5681	-0.1463
Mus musculus	833	1.1095	0.1122
Mus musculus	834	-2.7618	-5.8059
Mus musculus	835	-1.7904	3.2178
Mus musculus	836	-1.8775	0.9339
Mus musculus	837	-1.1168	-0.4372
Mus musculus	838	1.6748	0.893
Mus musculus	839	0.7791	0.5774
Mus musculus	840	-1.2313	2.2005
Mus musculus	841	-1.1298	0.6342
Mus musculus	842	-0.6552	2.1404
Mus musculus	843	-0.6047	1.1677
Mus musculus	844	-1.9819	2.6519
Mus musculus	845	-1.1255	-1.9073
Mus musculus	846	-0.1776	2.0465
Mus musculus	847	-2.5752	-0.8768
Mus musculus	848	1.6887	-1.068
Mus musculus	849	1.4812	-0.5805
Mus musculus	850	2.0508	1.0085
Mus musculus	851	1.3667	1.6468
Mus musculus	852	1.2333	2.7537
Mus musculus	853	0.273	-1.2276
Mus musculus	854	-2.5806	-2.3698
Mus musculus	855	1.3787	0.8167
Mus musculus	856	-2.1868	0.9433
Mus musculus	857	-1.609	0.9829
Mus musculus	858	1.5745	1.1359
Mus musculus	859	-5.5474	-1.3898
Mus musculus	860	0.3632	-0.2428
Mus musculus	861	0.7739	-2.898
Mus musculus	862	-3.6644	0.3072
Mus musculus	863	-2.1231	2.8109
Mus musculus	864	-1.9696	0.982
Mus musculus	865	1.494	1.0651
Mus musculus	866	1.8953	-2.1735
Mus musculus	867	2.4729	-2.4427
Mus musculus	868	-2.1558	-1.4114
Mus musculus	869	1.0795	-0.7166
Mus musculus	870	1.2902	0.2579
Mus musculus	871	1.1907	0.948
Mus musculus	872	-2.8805	-3.4696
Mus musculus	873	-0.4636	2.0955
Mus musculus	874	1.2617	-0.5396
Mus musculus	875	1.626	-1.7846
Mus musculus	876	1.7456	1.7173
Mus musculus	877	-1.9745	-1.5634
Mus musculus	878	-2.0178	1.9015
Mus musculus	879	-1.6453	-1.0835
Mus musculus	880	1.4767	1.2413
Mus musculus	881	0.7852	2.3798
Mus musculus	882	-1.1204	-0.9021
Mus musculus	883	-2.4613	-0.0093
Mus musculus	884	-0.9354	-0.5832
Mus musculus	885	-4.5576	-0.7702
Mus musculus	886	4.6315	-1.8096
Mus musculus	887	-3.9398	-3.8804
Mus musculus	888	1.2305	-1.2278
Mus musculus	889	-2.6429	3.2873
Mus musculus	890	0.3801	1.6473
Mus musculus	891	-0.8284	-0.5388
Mus musculus	892	-2.3367	-1.8806
Mus musculus	893	-0.5244	0.6232
Mus musculus	894	-0.0639	-0.3015
Mus musculus	895	-0.2804	-1.4928
Mus musculus	896	0.829	0.4188
Mus musculus	897	-1.3055	0.8543
Mus musculus	898	-2.8764	-0.2419
Mus musculus	899	1.5552	2.1856
Mus musculus	900	-2.649	-2.3055
Mus musculus	901	-3.0077	1.3726
Mus musculus	902	-5.9587	4.8309
Mus musculus	903	0.6426	-0.4163
Mus musculus	904	0.4354	-0.0237
Mus musculus	905	0.0667	-1.6477
Mus musculus	906	1.546	-0.2558
Mus musculus	907	-1.2393	-3.4503
Mus musculus	908	0.6346	-1.9246
Mus musculus	909	-1.6584	0.7733
Mus musculus	910	-1.5043	-2.1335
Mus musculus	911	0.7103	1.1507
Mus musculus	912	3.5159	-3.4057
Mus musculus	913	4.684	-0.7437
Mus musculus	914	-2.1415	-2.008
Mus musculus	915	1.472	0.9179
Mus musculus	916	4.3139	-3.7691
Mus musculus	917	-2.527	1.2812
Mus musculus	918	-2.3883	-2.4135
Mus musculus	919	1.6807	1.886
Mus musculus	920	-2.9115	1.6225
Mus musculus	921	-6.4105	1.0655
Mus musculus	922	-1.6813	-1.4355
Mus musculus	923	-1.5054	-1.3801
Mus musculus	924	0.2259	2.6713
Mus musculus	925	2.333	-5.6324
Mus musculus	926	2.4365	1.1248
Mus musculus	927	-0.8079	0.6793
Mus musculus	928	-0.6443	1.3204
Mus musculus	929	0.6687	1.2982
Mus musculus	930	1.2524	0.4741
Mus musculus	931	-3.2827	0.3638
Mus musculus	932	0.95	1.6027
Mus musculus	933	-0.5762	-1.232
Mus musculus	934	-1.9086	0.4551
Mus musculus	935	-2.1352	0.7909
Mus musculus	936	2.3874	1.1796
Mus musculus	937	-0.7501	0.9936
Mus musculus	938	-1.813	0.4339
Mus musculus	939	-2.2876	2.3691
Mus musculus	940	-0.6757	0.998
Mus musculus	941	-1.4201	-0.0376
Mus musculus	942	-0.3091	3.5214
Mus musculus	943	2.9394	-0.9823
Mus musculus	944	2.0256	-0.961
Mus musculus	945	1.5001	0.5014
Mus musculus	946	0.2193	0.6964
Mus musculus	947	-0.6129	2.6112
Mus musculus	948	0.0782	-0.884
Mus musculus	949	1.2971	2.3244
Mus musculus	950	-4.2307	-2.4398
Mus musculus	951	0.5138	-0.6861
Mus musculus	952	-1.659	-1.9991
Mus musculus	953	0.8521	-0.6615
Mus musculus	954	-2.7592	1.0497
Mus musculus	955	-0.3624	-0.4304
Mus musculus	956	1.5813	2.7291
Mus musculus	957	-0.3339	-1.8793
Mus musculus	958	-0.1157	-0.4893
Mus musculus	959	-3.1592	-0.5385
Mus musculus	960	1.8336	2.0134
Mus musculus	961	3.7473	-2.5933
Mus musculus	962	-2.1708	-1.3717
Mus musculus	963	-1.2142	0.8861
Mus musculus	964	2.6358	-0.3447
Mus musculus	965	-1.2035	-2.777
Mus musculus	966	0.2711	0.0814
Mus musculus	967	4.4873	0.468
Mus musculus	968	5.7669	-1.1361
Mus musculus	969	-2.2105	-2.7811
Mus musculus	970	1.5447	-3.4951
Mus musculus	971	-3.0014	-2.7296
Mus musculus	972	0.8004	1.2655
Mus musculus	973	2.2911	-0.5644
Mus musculus	974	1.8694	0.4061
Mus musculus	975	1.2512	-0.0512
Mus musculus	976	-1.8252	3.1401
Mus musculus	977	-1.3748	0.791
Mus musculus	978	-1.476	-0.3377
Mus musculus	979	1.4125	1.657
Mus musculus	980	-0.436	4.1534
Mus musculus	981	0.3456	-0.8304
Mus musculus	982	2.1659	-1.8057
Mus musculus	983	1.7525	-1.515
Mus musculus	984	-1.33	-2.6693
Mus musculus	985	1.04	-1.9707
Mus musculus	986	0.8758	-0.7397
Mus musculus	987	2.7827	-1.859
Mus musculus	988	0.2741	1.3275
Mus musculus	989	0.3079	1.6878
Mus musculus	990	-0.0508	0.4979
Mus musculus	991	-0.8388	1.0038
Mus musculus	992	-2.7843	2.7423
Mus musculus	993	0.6885	-1.6636
Mus musculus	994	1.8013	0.7764
Mus musculus	995	0.1176	-2.2795
Mus musculus	996	-4.4551	1.4519
Mus musculus	997	-3.3854	-0.7703
Mus musculus	998	1.8729	0.7404
Mus musculus	999	-2.2312	1.1956
