accession	sequence	organism	reviewed	length
A0A0C5B5G6	MRWQEMGYIFYPRKLR	Homo sapiens	True	16
A0A1B0GTW7	MLLLLLLLLLLPPLVLRVAASRCLHDETQKSVSLLRPPFSQLPSKSRSSSLTLPSSRDPQPLRIQSCYLGDHISDGAWDPEGEGMRGGSRALAAVREATQRIQAVLAVQGPLLLSRDPAQYCHAVWGDPDSPNYHRCSLLNPGYKGESCLGAKIPDTHLRGYALWPEQGPPQLVQPDGPGVQNTDFLLYVRVAHTSKCHQETVSLCCPGWSTAAQSQLTAALTSWAQRRGFVMLPRLCLKLLGSSNLPTLASQSIRITGPSVIAYAACCQLDSEDRPLAGTIVYCAQHLTSPSLSHSDIVMATLHELLHALGFSGQLFKKWRDCPSGFSVRENCSTRQLVTRQDEWGQLLLTTPAVSLSLAKHLGVSGASLGVPLEEEEGLLSSHWEARLLQGSLMTATFDGAQRTRLDPITLAAFKDSGWYQVNHSAAEELLWGQGSGPEFGLVTTCGTGSSDFFCTGSGLGCHYLHLDKGSCSSDPMLEGCRMYKPLANGSECWKKENGFPAGVDNPHGEIYHPQSRCFFANLTSQLLPGDKPRHPSLTPHLKEAELMGRCYLHQCTGRGAYKVQVEGSPWVPCLPGKVIQIPGYYGLLFCPRGRLCQTNEDINAVTSPPVSLSTPDPLFQLSLELAGPPGHSLGKEQQEGLAEAVLEALASKGGTGRCYFHGPSITTSLVFTVHMWKSPGCQGPSVATLHKALTLTLQKKPLEVYHGGANFTTQPSKLLVTSDHNPSMTHLRLSMGLCLMLLILVGVMGTTAYQKRATLPVRPSASYHSPELHSTRVPVRGIREV	Homo sapiens	True	788
A0JNW5	MAGIIKKQILKHLSRFTKNLSPDKINLSTLKGEGELKNLELDEEVLQNMLDLPTWLAINKVFCNKASIRIPWTKLKTHPICLSLDKVIMEMSTCEEPRSPNGPSPIATASGQSEYGFAEKVVEGISVSVNSIVIRIGAKAFNASFELSQLRIYSVNAHWEHGDLRFTRIQDPQRGEVLTFKEINWQMIRIEADATQSSHLEIMCAPVRLITNQSKIRVTLKRRLKDCNVIATKLVLILDDLLWVLTDSQLKAMVQYAKSLSEAIEKSTEQRKSMAPEPTQSSTVVASAQQVKTTQTSNAPDVNDAIVKLFNDFDVKETSHHLVISHLDLHICDDIHAKEKESNRRITGGAMQLSFTQLTIDYYPYHKAGDSCNHWMYFSDATKTKNGWANELLHEFECNVEMLKQAVKDHNVGSPPKSPTHASPQHTQTEKDYPLKGTCRTPSVLSQQSKAKLMSSSVVVRLADFNIYQVSTAEQCRSSPKSMICCNKKSLYLPQEMSAVYIEFTEYYYPDGKDFPIPSPNLYSQLNALQFTVDERSILWLNQFLLDLKQSLNQFMAVYKLNDNSKSDEHVDVRVDGLMLKFVIPSEVKSECHQDQPRAISIQSSEMIATNTRHCPNCRHSDLEALFQDFKDCDFFSKTYTSFPKSCDNFNLLHPIFQRHAHEQDTKMHEIYKGNITPQLNKNTLKTSAATDVWAVYFSQFWIDYEGMKSGKGRPISFVDSFPLSIWICQPTRYAESQKEPQTCNQVSLNTSQSESSDLAGRLKRKKLLKEYYSTESEPLTNGGQKPSSSDTFFRFSPSSSEADIHLLVHVHKHVSMQINHYQYLLLLFLHESLILLSENLRKDVEAVTGSPASQTSICIGILLRSAELALLLHPVDQANTLKSPVSESVSPVVPDYLPTENGDFLSSKRKQISRDINRIRSVTVNHMSDNRSMSVDLSHIPLKDPLLFKSASDTNLQKGISFMDYLSDKHLGKISEDESSGLVYKSGSGEIGSETSDKKDSFYTDSSSILNYREDSNILSFDSDGNQNILSSTLTSKGNETIESIFKAEDLLPEAASLSENLDISKEETPPVRTLKSQSSLSGKPKERCPPNLAPLCVSYKNMKRSSSQMSLDTISLDSMILEEQLLESDGSDSHMFLEKGNKKNSTTNYRGTAESVNAGANLQNYGETSPDAISTNSEGAQENHDDLMSVVVFKITGVNGEIDIRGEDTEICLQVNQVTPDQLGNISLRHYLCNRPVGSDQKAVIHSKSSPEISLRFESGPGAVIHSLLAEKNGFLQCHIENFSTEFLTSSLMNIQHFLEDETVATVMPMKIQVSNTKINLKDDSPRSSTVSLEPAPVTVHIDHLVVERSDDGSFHIRDSHMLNTGNDLKENVKSDSVLLTSGKYDLKKQRSVTQATQTSPGVPWPSQSANFPEFSFDFTREQLMEENESLKQELAKAKMALAEAHLEKDALLHHIKKMTVE	Homo sapiens	True	1464
A0JP26	MVAEVCSMPAASAVKKPFDLRSKMGKWCHHRFPCCRGSGKSNMGTSGDHDDSFMKTLRSKMGKCCHHCFPCCRGSGTSNVGTSGDHDNSFMKTLRSKMGKWCCHCFPCCRGSGKSNVGTWGDYDDSAFMEPRYHVRREDLDKLHRAAWWGKVPRKDLIVMLRDTDMNKRDKQKRTALHLASANGNSEVVQLLLDRRCQLNVLDNKKRTALIKAVQCQEDECVLMLLEHGADGNIQDEYGNTALHYAIYNEDKLMAKALLLYGADIESKNKCGLTPLLLGVHEQKQQVVKFLIKKKANLNALDRYGRTALILAVCCGSASIVNLLLEQNVDVSSQDLSGQTAREYAVSSHHHVICELLSDYKEKQMLKISSENSNPEQDLKLTSEEESQRLKVSENSQPEKMSQEPEINKDCDREVEEEIKKHGSNPVGLPENLTNGASAGNGDDGLIPQRKSRKPENQQFPDTENEEYHSDEQNDTQKQLSEEQNTGISQDEILTNKQKQIEVAEKEMNSKLSLSHKKEEDLLRENSMLREEIAMLRLELDETKHQNQLRENKILEEIESVKEKLLKAIQLNEEALTKTSI	Homo sapiens	True	581
A0PK11	MPGWFKKAWYGLASLLSFSSFILIIVALVVPHWLSGKILCQTGVDLVNATDRELVKFIGDIYYGLFRGCKVRQCGLGGRQSQFTIFPHLVKELNAGLHVMILLLLFLALALALVSMGFAILNMIQVPYRAVSGPGGICLWNVLAGGVVALAIASFVAAVKFHDLTERIANFQEKLFQFVVVEEQYEESFWICVASASAHAANLVVVAISQIPLPEIKTKIEEATVTAEDILY	Homo sapiens	True	232
A1A4S6	MGLQPLEFSDCYLDSPWFRERIRAHEAELERTNKFIKELIKDGKNLIAATKSLSVAQRKFAHSLRDFKFEFIGDAVTDDERCIDASLREFSNFLKNLEEQREIMALSVTETLIKPLEKFRKEQLGAVKEEKKKFDKETEKNYSLIDKHLNLSAKKKDSHLQEADIQVEQNRQHFYELSLEYVCKLQEIQERKKFEFVEPMLSFFQGMFTFYHQGHELAKDFNHYKMELQINIQNTRNRFEGTRSEVEELMNKIRQNPKDHKRASQFTAEGYLYVQEKRPAPFGSSWVKHYCMYRKAAKKFNMIPFEHRSGGKLGDGEVFFLKECTKRHTDSIDRRFCFDIEAADRPGVSLTMQAFSEEERKQWLEALGGKEALSHSFNTAIIPRPEGNAQLDKMGFTIIRKCISAVETRGINDQGLYRVVGVSSKVQRLLSMLMDVKTCNEVDLENSADWEVKTITSALKQYLRSLPEPLMTYELHGDFIVPAKSGSPESRVNAIHFLVHKLPEKNKEMLDILVKHLTNVSNHSKQNLMTVANLGVVFGPTLMRPQEETVAALMDLKFQNIVVEILIENHEKIFRTPPDTTFPEPTCLSASPPNAPPRQSKRQGQRTKRPVAVYNLCLELEDGDNPYPSKEDTPTSSLDSLSSPSPVTTAVPGPPGPDKNHLLADGGSFGDWASTIPGQTRSSMVQWLNPQSPTTTSSNSAVTPLSPGSSPFPFSPPATVADKPPESIRSRKARAVYPCEAEHSSELSFEIGAIFEDVQTSREPGWLEGTLNGKRGLIPQNYVKLL	Homo sapiens	True	786
A1A519	MKRRQKRKHLENEESQETAEKGGGMSKSQEDALQPGSTRVAKGWSQGVGEVTSTSEYCSCVSSSRKLIHSGIQRIHRDSPQPQSPLAQVQERGETPPRSQHVSLSSYSSYKTCVSSLCVNKEERGMKIYYMQVQMNKGVAVSWETEETLESLEKQPRMEEVTLSEVVRVGTPPSDVSTRNLLSDSEPSGEEKEHEERTESDSLPGSPTVEDTPRAKTPDWLVTMENGFRCMACCRVFTTMEALQEHVQFGIREGFSCHVFHLTMAQLTGNMESESTQDEQEEENGNEKEEEEKPEAKEEEGQPTEEDLGLRRSWSQCPGCVFHSPKDRNS	Homo sapiens	True	330
A1L190	MDDADPEERNYDNMLKMLSDLNKDLEKLLEEMEKISVQATWMAYDMVVMRTNPTLAESMRRLEDAFVNCKEEMEKNWQELLHETKQRL	Homo sapiens	True	88
A1L3X0	MAFSDLTSRTVHLYDNWIKDADPRVEDWLLMSSPLPQTILLGFYVYFVTSLGPKLMENRKPFELKKAMITYNFFIVLFSVYMCYEFVMSGWGIGYSFRCDIVDYSRSPTALRMARTCWLYYFSKFIELLDTIFFVLRKKNSQVTFLHVFHHTIMPWTWWFGVKFAAGGLGTFHALLNTAVHVVMYSYYGLSALGPAYQKYLWWKKYLTSLQLVQFVIVAIHISQFFFMEDCKYQFPVFACIIMSYSFMFLLLFLHFWYRAYTKGQRLPKTVKNGTCKNKDN	Homo sapiens	True	281
A1X283	MPPRRSIVEVKVLDVQKRRVPNKHYVYIIRVTWSSGSTEAIYRRYSKFFDLQMQMLDKFPMEGGQKDPKQRIIPFLPGKILFRRSHIRDVAVKRLIPIDEYCKALIQLPPYISQCDEVLQFFETRPEDLNPPKEEHIGKKKSGGDQTSVDPMVLEQYVVVANYQKQESSEISLSVGQVVDIIEKNESGWWFVSTAEEQGWVPATCLEGQDGVQDEFSLQPEEEEKYTVIYPYTARDQDEMNLERGAVVEVIQKNLEGWWKIRYQGKEGWAPASYLKKNSGEPLPPKPGPGSPSHPGALDLDGVSRQQNAVGREKELLSSQRDGRFEGRPVPDGDAKQRSPKMRQRPPPRRDMTIPRGLNLPKPPIPPQVEEEYYTIAEFQTTIPDGISFQAGLKVEVIEKNLSGWWYIQIEDKEGWAPATFIDKYKKTSNASRPNFLAPLPHEVTQLRLGEAAALENNTGSEATGPSRPLPDAPHGVMDSGLPWSKDWKGSKDVLRKASSDMSASAGYEEISDPDMEEKPSLPPRKESIIKSEGELLERERERQRTEQLRGPTPKPPGVILPMMPAKHIPPARDSRRPEPKPDKSRLFQLKNDMGLECGHKVLAKEVKKPNLRPISKSKTDLPEEKPDATPQNPFLKSRPQVRPKPAPSPKTEPPQGEDQVDICNLRSKLRPAKSQDKSLLDGEGPQAVGGQDVAFSRSFLPGEGPGRAQDRTGKQDGLSPKEISCRAPPRPAKTTDPVSKSVPVPLQEAPQQRPVVPPRRPPPPKKTSSSSRPLPEVRGPQCEGHESRAAPTPGRALLVPPKAKPFLSNSLGGQDDTRGKGSLGPWGTGKIGENREKAAAASVPNADGLKDSLYVAVADFEGDKDTSSFQEGTVFEVREKNSSGWWFCQVLSGAPSWEGWIPSNYLRKKP	Homo sapiens	True	911
